year,prefecture,district,site_id,cultivar_type,Powdery_mildew,Angular_leaf_spot,Circular_leaf_spot,sample_size
1979,Wakayama,Hashimotoshi,Hashimotoshi_N_01,Non_astringent,33,0,0,90
1979,Wakayama,Hashimotoshi,Hashimotoshi_N_02,Non_astringent,15,0,0,90
1979,Wakayama,Hashimotoshi,Hashimotoshi_N_03,Non_astringent,21,0,0,90
1979,Wakayama,Hashimotoshi,Hashimotoshi_N_04,Non_astringent,0,0,0,90
1979,Wakayama,Hashimotoshi,Hashimotoshi_N_05,Non_astringent,9,0,0,90
1979,Wakayama,Hashimotoshi,Hashimotoshi_N_06,Non_astringent,3,0,0,90
1979,Wakayama,Hashimotoshi,Hashimotoshi_N_07,Non_astringent,0,1,0,90
1979,Wakayama,Kudoyamacho,Kudoyamacho_N_01,Non_astringent,0,0,0,90
1979,Wakayama,Kudoyamacho,Kudoyamacho_N_02,Non_astringent,3,0,0,90
1979,Wakayama,Kudoyamacho,Kudoyamacho_N_03,Non_astringent,9,0,0,90
1979,Wakayama,Kudoyamacho,Kudoyamacho_N_04,Non_astringent,0,0,0,90
1979,Wakayama,Koyaguchicho,Kudoyamacho_N_05,Non_astringent,6,0,0,90
1979,Wakayama,Katuragicho,Katuragicho_N_01,Non_astringent,33,0,0,90
1979,Wakayama,Katuragicho,Katuragicho_N_02,Non_astringent,6,0,0,90
1979,Wakayama,Katuragicho,Katuragicho_N_03,Non_astringent,3,0,0,90
1979,Wakayama,Kokawacho,Kokawacho_N_01,Non_astringent,0,0,0,90
1979,Wakayama,Momoyamacho,Momoyamacho_N_01,Non_astringent,60,0,0,90
1979,Wakayama,Momoyamacho,Momoyamacho_N_02,Non_astringent,0,0,0,90
1979,Wakayama,Misatocho,Misatocho_N_01,Non_astringent,21,0,0,90
1979,Wakayama,Misatocho,Misatocho_N_02,Non_astringent,3,0,0,90
1979,Wakayama,Misatocho,Misatocho_N_03,Non_astringent,6,0,0,90
1979,Wakayama,Misatocho,Misatocho_N_04,Non_astringent,12,0,0,90
1979,Wakayama,Misatocho,Misatocho_N_05,Non_astringent,3,0,0,90
1980,Wakayama,Hashimotoshi,Hashimotoshi_N_01,Non_astringent,90,0,NA,90
1980,Wakayama,Hashimotoshi,Hashimotoshi_N_02,Non_astringent,6,0,NA,90
1980,Wakayama,Hashimotoshi,Hashimotoshi_N_03,Non_astringent,0,0,NA,90
1980,Wakayama,Hashimotoshi,Hashimotoshi_N_04,Non_astringent,0,0,NA,90
1980,Wakayama,Hashimotoshi,Hashimotoshi_N_05,Non_astringent,60,0,NA,90
1980,Wakayama,Hashimotoshi,Hashimotoshi_N_06,Non_astringent,90,0,NA,90
1980,Wakayama,Hashimotoshi,Hashimotoshi_N_07,Non_astringent,30,3,NA,90
1980,Wakayama,Kudoyamacho,Kudoyamacho_N_01,Non_astringent,39,0,NA,90
1980,Wakayama,Kudoyamacho,Kudoyamacho_N_02,Non_astringent,90,0,NA,90
1980,Wakayama,Kudoyamacho,Kudoyamacho_N_03,Non_astringent,90,0,NA,90
1980,Wakayama,Kudoyamacho,Kudoyamacho_N_04,Non_astringent,0,0,NA,90
1980,Wakayama,Koyaguchicho,Koyaguchicho_N_01,Non_astringent,27,0,NA,90
1980,Wakayama,Katuragicho,Katuragicho_N_01,Non_astringent,24,0,NA,90
1980,Wakayama,Katuragicho,Katuragicho_N_02,Non_astringent,24,0,NA,90
1980,Wakayama,Katuragicho,Katuragicho_N_03,Non_astringent,21,0,NA,90
1980,Wakayama,Kokawacho,Kokawacho_N_01,Non_astringent,0,0,NA,90
1980,Wakayama,Momoyamacho,Momoyamacho_N_01,Non_astringent,90,0,NA,90
1980,Wakayama,Momoyamacho,Momoyamacho_N_02,Non_astringent,3,0,NA,90
1980,Wakayama,Misatocho,Misatocho_N_01,Non_astringent,3,0,NA,90
1980,Wakayama,Misatocho,Misatocho_N_02,Non_astringent,9,0,NA,90
1980,Wakayama,Misatocho,Misatocho_N_03,Non_astringent,3,0,NA,90
1980,Wakayama,Misatocho,Misatocho_N_04,Non_astringent,0,0,NA,90
1980,Wakayama,Misatocho,Misatocho_N_05,Non_astringent,90,0,NA,90
1981,Wakayama,Hashimotoshi,Hashimotoshi_N_01,Non_astringent,89,0,NA,90
1981,Wakayama,Hashimotoshi,Hashimotoshi_N_02,Non_astringent,0,0,NA,90
1981,Wakayama,Hashimotoshi,Hashimotoshi_N_03,Non_astringent,3,0,NA,90
1981,Wakayama,Hashimotoshi,Hashimotoshi_N_04,Non_astringent,9,0,NA,90
1981,Wakayama,Hashimotoshi,Hashimotoshi_N_05,Non_astringent,46,0,NA,90
1981,Wakayama,Hashimotoshi,Hashimotoshi_N_06,Non_astringent,90,0,NA,90
1981,Wakayama,Hashimotoshi,Hashimotoshi_N_07,Non_astringent,47,0,NA,90
1981,Wakayama,Kudoyamacho,Kudoyamacho_N_01,Non_astringent,30,0,NA,90
1981,Wakayama,Kudoyamacho,Kudoyamacho_N_02,Non_astringent,33,0,NA,90
1981,Wakayama,Kudoyamacho,Kudoyamacho_N_03,Non_astringent,39,0,NA,90
1981,Wakayama,Kudoyamacho,Kudoyamacho_N_04,Non_astringent,0,0,NA,90
1981,Wakayama,Koyaguchicho,Koyaguchicho_01,Non_astringent,6,0,NA,90
1981,Wakayama,Katuragicho,Katuragicho_N_01,Non_astringent,18,0,NA,90
1981,Wakayama,Katuragicho,Katuragicho_N_02,Non_astringent,54,0,NA,90
1981,Wakayama,Katuragicho,Katuragicho_N_03,Non_astringent,0,0,NA,90
1981,Wakayama,Kokawacho,Kokawacho_N_01,Non_astringent,36,0,NA,90
1981,Wakayama,Momoyamacho,Momoyamacho_N_01,Non_astringent,45,0,NA,90
1981,Wakayama,Momoyamacho,Momoyamacho_N_02,Non_astringent,24,0,NA,90
1981,Wakayama,Misatocho,Misatocho_N_01,Non_astringent,3,2,NA,90
1981,Wakayama,Misatocho,Misatocho_N_02,Non_astringent,21,0,NA,90
1981,Wakayama,Misatocho,Misatocho_N_03,Non_astringent,45,0,NA,90
1981,Wakayama,Misatocho,Misatocho_N_04,Non_astringent,3,0,NA,90
1981,Wakayama,Misatocho,Misatocho_N_05,Non_astringent,3,0,NA,90
1982,Wakayama,Hashimotoshi,Hashimotoshi_N_01,Non_astringent,90,0,NA,90
1982,Wakayama,Hashimotoshi,Hashimotoshi_N_02,Non_astringent,9,0,NA,90
1982,Wakayama,Hashimotoshi,Hashimotoshi_N_03,Non_astringent,6,0,NA,90
1982,Wakayama,Hashimotoshi,Hashimotoshi_N_04,Non_astringent,46,0,NA,90
1982,Wakayama,Hashimotoshi,Hashimotoshi_N_05,Non_astringent,90,0,NA,90
1982,Wakayama,Hashimotoshi,Hashimotoshi_N_06,Non_astringent,89,0,NA,90
1982,Wakayama,Hashimotoshi,Hashimotoshi_N_07,Non_astringent,54,0,NA,90
1982,Wakayama,Kudoyamacho,Kudoyamacho_N_01,Non_astringent,89,0,NA,90
1982,Wakayama,Kudoyamacho,Kudoyamacho_N_02,Non_astringent,88,0,NA,90
1982,Wakayama,Kudoyamacho,Kudoyamacho_N_03,Non_astringent,90,0,NA,90
1982,Wakayama,Kudoyamacho,Kudoyamacho_N_04,Non_astringent,69,0,NA,90
1982,Wakayama,Koyaguchicho,Koyaguchicho_01,Non_astringent,36,0,NA,90
1982,Wakayama,Katuragicho,Katuragicho_N_01,Non_astringent,27,0,NA,90
1982,Wakayama,Katuragicho,Katuragicho_N_02,Non_astringent,63,0,NA,90
1982,Wakayama,Katuragicho,Katuragicho_N_03,Non_astringent,81,0,NA,90
1982,Wakayama,Kokawacho,Kokawacho_N_01,Non_astringent,81,0,NA,90
1982,Wakayama,Momoyamacho,Momoyamacho_N_01,Non_astringent,9,0,NA,90
1982,Wakayama,Momoyamacho,Momoyamacho_N_02,Non_astringent,45,0,NA,90
1982,Wakayama,Misatocho,Misatocho_N_01,Non_astringent,24,1,NA,90
1982,Wakayama,Misatocho,Misatocho_N_02,Non_astringent,89,0,NA,90
1982,Wakayama,Misatocho,Misatocho_N_03,Non_astringent,33,0,NA,90
1982,Wakayama,Misatocho,Misatocho_N_04,Non_astringent,9,0,NA,90
1982,Wakayama,Misatocho,Misatocho_N_05,Non_astringent,27,0,NA,90
1983,Wakayama,Hashimotoshi,Hashimotoshi_N_01,Non_astringent,90,0,NA,90
1983,Wakayama,Hashimotoshi,Hashimotoshi_N_02,Non_astringent,90,0,NA,90
1983,Wakayama,Hashimotoshi,Hashimotoshi_N_03,Non_astringent,9,0,NA,90
1983,Wakayama,Hashimotoshi,Hashimotoshi_N_04,Non_astringent,69,0,NA,90
1983,Wakayama,Hashimotoshi,Hashimotoshi_N_05,Non_astringent,72,0,NA,90
1983,Wakayama,Hashimotoshi,Hashimotoshi_N_06,Non_astringent,90,0,NA,90
1983,Wakayama,Hashimotoshi,Hashimotoshi_N_07,Non_astringent,78,0,NA,90
1983,Wakayama,Kudoyamacho,Kudoyamacho_N_01,Non_astringent,66,0,NA,90
1983,Wakayama,Kudoyamacho,Kudoyamacho_N_02,Non_astringent,89,0,NA,90
1983,Wakayama,Kudoyamacho,Kudoyamacho_N_03,Non_astringent,90,0,NA,90
1983,Wakayama,Kudoyamacho,Kudoyamacho_N_04,Non_astringent,88,0,NA,90
1983,Wakayama,Koyaguchicho,Koyaguchicho_01,Non_astringent,9,0,NA,90
1983,Wakayama,Katuragicho,Katuragicho_N_01,Non_astringent,88,0,NA,90
1983,Wakayama,Katuragicho,Katuragicho_N_02,Non_astringent,90,0,NA,90
1983,Wakayama,Katuragicho,Katuragicho_N_03,Non_astringent,89,0,NA,90
1983,Wakayama,Kokawacho,Kokawacho_N_01,Non_astringent,72,0,NA,90
1983,Wakayama,Momoyamacho,Momoyamacho_N_01,Non_astringent,90,0,NA,90
1983,Wakayama,Momoyamacho,Momoyamacho_N_02,Non_astringent,88,0,NA,90
1983,Wakayama,Misatocho,Misatocho_N_01,Non_astringent,12,47,NA,90
1983,Wakayama,Misatocho,Misatocho_N_02,Non_astringent,89,0,NA,90
1983,Wakayama,Misatocho,Misatocho_N_03,Non_astringent,45,0,NA,90
1983,Wakayama,Misatocho,Misatocho_N_04,Non_astringent,44,0,NA,90
1983,Wakayama,Misatocho,Misatocho_N_05,Non_astringent,2,0,NA,90
1984,Wakayama,Hashimotoshi,Hashimotoshi_N_01,Non_astringent,90,0,NA,90
1984,Wakayama,Hashimotoshi,Hashimotoshi_N_02,Non_astringent,74,0,NA,90
1984,Wakayama,Hashimotoshi,Hashimotoshi_N_03,Non_astringent,1,0,NA,90
1984,Wakayama,Hashimotoshi,Hashimotoshi_N_04,Non_astringent,23,1,NA,90
1984,Wakayama,Hashimotoshi,Hashimotoshi_N_05,Non_astringent,44,0,NA,90
1984,Wakayama,Hashimotoshi,Hashimotoshi_N_06,Non_astringent,32,0,NA,90
1984,Wakayama,Hashimotoshi,Hashimotoshi_N_07,Non_astringent,41,0,NA,90
1984,Wakayama,Kudoyamacho,Kudoyamacho_N_01,Non_astringent,9,0,NA,90
1984,Wakayama,Kudoyamacho,Kudoyamacho_N_02,Non_astringent,23,0,NA,90
1984,Wakayama,Kudoyamacho,Kudoyamacho_N_03,Non_astringent,64,0,NA,90
1984,Wakayama,Kudoyamacho,Kudoyamacho_N_04,Non_astringent,12,0,NA,90
1984,Wakayama,Koyaguchicho,Koyaguchicho_01,Non_astringent,3,0,NA,90
1984,Wakayama,Katuragicho,Katuragicho_N_01,Non_astringent,69,0,NA,90
1984,Wakayama,Katuragicho,Katuragicho_N_02,Non_astringent,36,0,NA,90
1984,Wakayama,Katuragicho,Katuragicho_N_03,Non_astringent,30,0,NA,90
1984,Wakayama,Kokawacho,Kokawacho_N_01,Non_astringent,57,0,NA,90
1984,Wakayama,Momoyamacho,Momoyamacho_N_01,Non_astringent,86,0,NA,90
1984,Wakayama,Momoyamacho,Momoyamacho_N_02,Non_astringent,45,0,NA,90
1984,Wakayama,Misatocho,Misatocho_N_01,Non_astringent,5,0,NA,90
1984,Wakayama,Misatocho,Misatocho_N_02,Non_astringent,60,0,NA,90
1984,Wakayama,Misatocho,Misatocho_N_03,Non_astringent,7,0,NA,90
1984,Wakayama,Misatocho,Misatocho_N_04,Non_astringent,46,0,NA,90
1984,Wakayama,Misatocho,Misatocho_N_05,Non_astringent,36,0,NA,90
1985,Wakayama,Hashimotoshi,Hashimotoshi_N_01,Non_astringent,NA,NA,NA,90
1985,Wakayama,Hashimotoshi,Hashimotoshi_N_02,Non_astringent,NA,NA,NA,90
1985,Wakayama,Hashimotoshi,Hashimotoshi_N_03,Non_astringent,NA,NA,NA,90
1985,Wakayama,Hashimotoshi,Hashimotoshi_N_04,Non_astringent,NA,NA,NA,90
1985,Wakayama,Hashimotoshi,Hashimotoshi_N_05,Non_astringent,NA,NA,NA,90
1985,Wakayama,Hashimotoshi,Hashimotoshi_N_06,Non_astringent,NA,NA,NA,90
1985,Wakayama,Hashimotoshi,Hashimotoshi_N_07,Non_astringent,NA,NA,NA,90
1985,Wakayama,Kudoyamacho,Kudoyamacho_N_01,Non_astringent,NA,NA,NA,90
1985,Wakayama,Kudoyamacho,Kudoyamacho_N_02,Non_astringent,NA,NA,NA,90
1985,Wakayama,Kudoyamacho,Kudoyamacho_N_03,Non_astringent,NA,NA,NA,90
1985,Wakayama,Kudoyamacho,Kudoyamacho_N_04,Non_astringent,NA,NA,NA,90
1985,Wakayama,Koyaguchicho,Koyaguchicho_01,Non_astringent,NA,NA,NA,90
1985,Wakayama,Katuragicho,Katuragicho_N_01,Non_astringent,NA,NA,NA,90
1985,Wakayama,Katuragicho,Katuragicho_N_02,Non_astringent,NA,NA,NA,90
1985,Wakayama,Katuragicho,Katuragicho_N_03,Non_astringent,NA,NA,NA,90
1985,Wakayama,Kokawacho,Kokawacho_N_01,Non_astringent,NA,NA,NA,90
1985,Wakayama,Momoyamacho,Momoyamacho_N_01,Non_astringent,NA,NA,NA,90
1985,Wakayama,Momoyamacho,Momoyamacho_N_02,Non_astringent,NA,NA,NA,90
1985,Wakayama,Misatocho,Misatocho_N_01,Non_astringent,NA,NA,NA,90
1985,Wakayama,Misatocho,Misatocho_N_02,Non_astringent,NA,NA,NA,90
1985,Wakayama,Misatocho,Misatocho_N_03,Non_astringent,NA,NA,NA,90
1985,Wakayama,Misatocho,Misatocho_N_04,Non_astringent,NA,NA,NA,90
1985,Wakayama,Misatocho,Misatocho_N_05,Non_astringent,NA,NA,NA,90
1986,Wakayama,Hashimotoshi,Hashimotoshi_N_01,Non_astringent,90,0,0,90
1986,Wakayama,Hashimotoshi,Hashimotoshi_N_02,Non_astringent,86,3,0,90
1986,Wakayama,Hashimotoshi,Hashimotoshi_N_03,Non_astringent,22,6,0,90
1986,Wakayama,Hashimotoshi,Hashimotoshi_N_04,Non_astringent,15,2,26,90
1986,Wakayama,Hashimotoshi,Hashimotoshi_N_05,Non_astringent,75,0,0,90
1986,Wakayama,Hashimotoshi,Hashimotoshi_N_06,Non_astringent,57,5,3,90
1986,Wakayama,Hashimotoshi,Hashimotoshi_N_07,Non_astringent,38,0,0,90
1986,Wakayama,Kudoyamacho,Kudoyamacho_N_01,Non_astringent,36,0,0,90
1986,Wakayama,Kudoyamacho,Kudoyamacho_N_02,Non_astringent,87,2,0,90
1986,Wakayama,Kudoyamacho,Kudoyamacho_N_03,Non_astringent,81,1,0,90
1986,Wakayama,Kudoyamacho,Kudoyamacho_N_04,Non_astringent,56,0,0,90
1986,Wakayama,Koyaguchicho,Koyaguchicho_01,Non_astringent,20,13,0,90
1986,Wakayama,Katuragicho,Katuragicho_N_01,Non_astringent,36,0,0,90
1986,Wakayama,Katuragicho,Katuragicho_N_02,Non_astringent,60,0,0,90
1986,Wakayama,Katuragicho,Katuragicho_N_03,Non_astringent,83,0,0,90
1986,Wakayama,Kokawacho,Kokawacho_N_01,Non_astringent,50,0,0,90
1986,Wakayama,Momoyamacho,Momoyamacho_N_01,Non_astringent,90,0,0,90
1986,Wakayama,Momoyamacho,Momoyamacho_N_02,Non_astringent,65,0,0,90
1986,Wakayama,Misatocho,Misatocho_N_01,Non_astringent,2,43,53,90
1986,Wakayama,Misatocho,Misatocho_N_02,Non_astringent,87,0,0,90
1986,Wakayama,Misatocho,Misatocho_N_03,Non_astringent,27,0,0,90
1986,Wakayama,Misatocho,Misatocho_N_04,Non_astringent,90,0,0,90
1986,Wakayama,Misatocho,Misatocho_N_05,Non_astringent,81,0,0,90
1987,Wakayama,Hashimotoshi,Hashimotoshi_N_01,Non_astringent,30,0,NA,90
1987,Wakayama,Hashimotoshi,Hashimotoshi_N_02,Non_astringent,26,0,NA,90
1987,Wakayama,Hashimotoshi,Hashimotoshi_N_03,Non_astringent,3,0,NA,90
1987,Wakayama,Hashimotoshi,Hashimotoshi_N_04,Non_astringent,12,0,NA,90
1987,Wakayama,Hashimotoshi,Hashimotoshi_N_05,Non_astringent,12,0,NA,90
1987,Wakayama,Hashimotoshi,Hashimotoshi_N_06,Non_astringent,10,0,NA,90
1987,Wakayama,Hashimotoshi,Hashimotoshi_N_07,Non_astringent,2,0,NA,90
1987,Wakayama,Kudoyamacho,Kudoyamacho_N_01,Non_astringent,7,0,NA,90
1987,Wakayama,Kudoyamacho,Kudoyamacho_N_02,Non_astringent,31,0,NA,90
1987,Wakayama,Kudoyamacho,Kudoyamacho_N_03,Non_astringent,38,0,NA,90
1987,Wakayama,Kudoyamacho,Kudoyamacho_N_04,Non_astringent,3,0,NA,90
1987,Wakayama,Koyaguchicho,Koyaguchicho_01,Non_astringent,1,0,NA,90
1987,Wakayama,Katuragicho,Katuragicho_N_01,Non_astringent,1,0,NA,90
1987,Wakayama,Katuragicho,Katuragicho_N_02,Non_astringent,8,0,NA,90
1987,Wakayama,Katuragicho,Katuragicho_N_03,Non_astringent,1,0,NA,90
1987,Wakayama,Kokawacho,Kokawacho_N_01,Non_astringent,1,0,NA,90
1987,Wakayama,Momoyamacho,Momoyamacho_N_01,Non_astringent,68,0,NA,90
1987,Wakayama,Momoyamacho,Momoyamacho_N_02,Non_astringent,63,0,NA,90
1987,Wakayama,Misatocho,Misatocho_N_01,Non_astringent,0,0,NA,90
1987,Wakayama,Misatocho,Misatocho_N_02,Non_astringent,65,0,NA,90
1987,Wakayama,Misatocho,Misatocho_N_03,Non_astringent,17,0,NA,90
1987,Wakayama,Misatocho,Misatocho_N_04,Non_astringent,59,0,NA,90
1987,Wakayama,Misatocho,Misatocho_N_05,Non_astringent,24,0,NA,90
1988,Wakayama,Hashimotoshi,Hashimotoshi_N_01,Non_astringent,43,0,2,90
1988,Wakayama,Hashimotoshi,Hashimotoshi_N_02,Non_astringent,67,1,0,90
1988,Wakayama,Hashimotoshi,Hashimotoshi_N_03,Non_astringent,3,2,0,90
1988,Wakayama,Hashimotoshi,Hashimotoshi_N_04,Non_astringent,14,0,2,90
1988,Wakayama,Hashimotoshi,Hashimotoshi_N_05,Non_astringent,53,5,0,90
1988,Wakayama,Hashimotoshi,Hashimotoshi_N_06,Non_astringent,36,0,2,90
1988,Wakayama,Hashimotoshi,Hashimotoshi_N_07,Non_astringent,34,0,1,90
1988,Wakayama,Kudoyamacho,Kudoyamacho_N_01,Non_astringent,74,0,0,90
1988,Wakayama,Kudoyamacho,Kudoyamacho_N_02,Non_astringent,67,0,0,90
1988,Wakayama,Kudoyamacho,Kudoyamacho_N_03,Non_astringent,66,0,0,90
1988,Wakayama,Kudoyamacho,Kudoyamacho_N_04,Non_astringent,35,0,0,90
1988,Wakayama,Koyaguchicho,Koyaguchicho_01,Non_astringent,7,0,0,90
1988,Wakayama,Katuragicho,Katuragicho_N_01,Non_astringent,8,0,0,90
1988,Wakayama,Katuragicho,Katuragicho_N_02,Non_astringent,47,0,0,90
1988,Wakayama,Katuragicho,Katuragicho_N_03,Non_astringent,17,0,0,90
1988,Wakayama,Kokawacho,Kokawacho_N_01,Non_astringent,44,2,3,90
1988,Wakayama,Momoyamacho,Momoyamacho_N_01,Non_astringent,71,0,0,90
1988,Wakayama,Momoyamacho,Momoyamacho_N_02,Non_astringent,57,6,0,90
1988,Wakayama,Misatocho,Misatocho_N_01,Non_astringent,44,83,12,90
1988,Wakayama,Misatocho,Misatocho_N_02,Non_astringent,90,0,1,90
1988,Wakayama,Misatocho,Misatocho_N_03,Non_astringent,49,60,2,90
1988,Wakayama,Misatocho,Misatocho_N_04,Non_astringent,68,0,0,90
1988,Wakayama,Misatocho,Misatocho_N_05,Non_astringent,34,8,10,90
1989,Wakayama,Hashimotoshi,Hashimotoshi_N_01,Non_astringent,99,0,0,100
1989,Wakayama,Hashimotoshi,Hashimotoshi_N_02,Non_astringent,71,0,0,100
1989,Wakayama,Hashimotoshi,Hashimotoshi_N_03,Non_astringent,9,0,0,100
1989,Wakayama,Hashimotoshi,Hashimotoshi_N_04,Non_astringent,31,0,1,100
1989,Wakayama,Hashimotoshi,Hashimotoshi_N_05,Non_astringent,73,0,3,100
1989,Wakayama,Hashimotoshi,Hashimotoshi_N_06,Non_astringent,43,0,4,100
1989,Wakayama,Hashimotoshi,Hashimotoshi_N_07,Non_astringent,12,0,4,100
1989,Wakayama,Kudoyamacho,Kudoyamacho_N_01,Non_astringent,20,0,0,100
1989,Wakayama,Kudoyamacho,Kudoyamacho_N_02,Non_astringent,94,0,0,100
1989,Wakayama,Kudoyamacho,Kudoyamacho_N_03,Non_astringent,77,1,0,100
1989,Wakayama,Kudoyamacho,Kudoyamacho_N_04,Non_astringent,72,0,0,100
1989,Wakayama,Koyaguchicho,Koyaguchicho_01,Non_astringent,1,0,0,100
1989,Wakayama,Katuragicho,Katuragicho_N_01,Non_astringent,6,0,0,100
1989,Wakayama,Katuragicho,Katuragicho_N_02,Non_astringent,54,0,0,100
1989,Wakayama,Katuragicho,Katuragicho_N_03,Non_astringent,20,0,0,100
1989,Wakayama,Kokawacho,Kokawacho_N_01,Non_astringent,86,1,1,100
1989,Wakayama,Momoyamacho,Momoyamacho_N_01,Non_astringent,41,1,1,100
1989,Wakayama,Momoyamacho,Momoyamacho_N_02,Non_astringent,42,0,0,100
1989,Wakayama,Misatocho,Misatocho_N_01,Non_astringent,7,2,57,100
1989,Wakayama,Misatocho,Misatocho_N_02,Non_astringent,72,0,0,100
1989,Wakayama,Misatocho,Misatocho_N_03,Non_astringent,12,0,0,100
1989,Wakayama,Misatocho,Misatocho_N_04,Non_astringent,74,0,0,100
1989,Wakayama,Misatocho,Misatocho_N_05,Non_astringent,44,0,0,100
1990,Wakayama,Hashimotoshi,Hashimotoshi_N_01,Non_astringent,96,0,0,100
1990,Wakayama,Hashimotoshi,Hashimotoshi_N_02,Non_astringent,97,0,0,100
1990,Wakayama,Hashimotoshi,Hashimotoshi_N_03,Non_astringent,67,1,0,100
1990,Wakayama,Hashimotoshi,Hashimotoshi_N_04,Non_astringent,3,0,0,100
1990,Wakayama,Hashimotoshi,Hashimotoshi_N_05,Non_astringent,26,0,0,100
1990,Wakayama,Hashimotoshi,Hashimotoshi_N_06,Non_astringent,7,0,0,100
1990,Wakayama,Hashimotoshi,Hashimotoshi_N_07,Non_astringent,1,0,0,100
1990,Wakayama,Kudoyamacho,Kudoyamacho_N_01,Non_astringent,4,0,0,100
1990,Wakayama,Kudoyamacho,Kudoyamacho_N_02,Non_astringent,39,0,0,100
1990,Wakayama,Kudoyamacho,Kudoyamacho_N_03,Non_astringent,23,0,0,100
1990,Wakayama,Kudoyamacho,Kudoyamacho_N_04,Non_astringent,26,0,0,100
1990,Wakayama,Koyaguchicho,Koyaguchicho_01,Non_astringent,1,0,0,100
1990,Wakayama,Katuragicho,Katuragicho_N_01,Non_astringent,4,0,0,100
1990,Wakayama,Katuragicho,Katuragicho_N_02,Non_astringent,16,0,0,100
1990,Wakayama,Katuragicho,Katuragicho_N_03,Non_astringent,0,0,0,100
1990,Wakayama,Kokawacho,Kokawacho_N_01,Non_astringent,21,4,0,100
1990,Wakayama,Momoyamacho,Momoyamacho_N_01,Non_astringent,12,0,0,100
1990,Wakayama,Momoyamacho,Momoyamacho_N_02,Non_astringent,8,0,0,100
1990,Wakayama,Misatocho,Misatocho_N_01,Non_astringent,27,22,0,100
1990,Wakayama,Misatocho,Misatocho_N_02,Non_astringent,98,0,0,100
1990,Wakayama,Misatocho,Misatocho_N_03,Non_astringent,3,11,0,100
1990,Wakayama,Misatocho,Misatocho_N_04,Non_astringent,81,0,0,100
1990,Wakayama,Misatocho,Misatocho_N_05,Non_astringent,41,1,0,100
1991,Wakayama,Hashimotoshi,Hashimotoshi_N_01,Non_astringent,100,0,0,100
1991,Wakayama,Hashimotoshi,Hashimotoshi_N_02,Non_astringent,100,1,0,100
1991,Wakayama,Hashimotoshi,Hashimotoshi_N_03,Non_astringent,100,35,0,100
1991,Wakayama,Hashimotoshi,Hashimotoshi_N_04,Non_astringent,9,0,0,100
1991,Wakayama,Hashimotoshi,Hashimotoshi_N_05,Non_astringent,96,0,0,100
1991,Wakayama,Hashimotoshi,Hashimotoshi_N_06,Non_astringent,16,2,13,100
1991,Wakayama,Hashimotoshi,Hashimotoshi_N_07,Non_astringent,12,1,2,100
1991,Wakayama,Kudoyamacho,Kudoyamacho_N_01,Non_astringent,0,5,3,100
1991,Wakayama,Kudoyamacho,Kudoyamacho_N_02,Non_astringent,57,3,0,100
1991,Wakayama,Kudoyamacho,Kudoyamacho_N_03,Non_astringent,59,1,2,100
1991,Wakayama,Kudoyamacho,Kudoyamacho_N_04,Non_astringent,31,12,0,100
1991,Wakayama,Koyaguchicho,Koyaguchicho_01,Non_astringent,57,0,1,100
1991,Wakayama,Katuragicho,Katuragicho_N_01,Non_astringent,13,3,0,100
1991,Wakayama,Katuragicho,Katuragicho_N_02,Non_astringent,62,0,0,100
1991,Wakayama,Katuragicho,Katuragicho_N_03,Non_astringent,6,0,0,100
1991,Wakayama,Kokawacho,Kokawacho_N_01,Non_astringent,83,2,3,100
1991,Wakayama,Momoyamacho,Momoyamacho_N_01,Non_astringent,18,12,7,100
1991,Wakayama,Momoyamacho,Momoyamacho_N_02,Non_astringent,10,50,0,100
1991,Wakayama,Misatocho,Misatocho_N_01,Non_astringent,41,12,2,100
1991,Wakayama,Misatocho,Misatocho_N_02,Non_astringent,83,1,0,100
1991,Wakayama,Misatocho,Misatocho_N_03,Non_astringent,46,17,7,100
1991,Wakayama,Misatocho,Misatocho_N_04,Non_astringent,82,3,1,100
1991,Wakayama,Misatocho,Misatocho_N_05,Non_astringent,26,9,0,100
1992,Wakayama,Hashimotoshi,Hashimotoshi_N_01,Non_astringent,96,0,0,100
1992,Wakayama,Hashimotoshi,Hashimotoshi_N_02,Non_astringent,97,0,0,100
1992,Wakayama,Hashimotoshi,Hashimotoshi_N_03,Non_astringent,76,0,0,100
1992,Wakayama,Hashimotoshi,Hashimotoshi_N_04,Non_astringent,4,0,0,100
1992,Wakayama,Hashimotoshi,Hashimotoshi_N_05,Non_astringent,4,0,0,100
1992,Wakayama,Hashimotoshi,Hashimotoshi_N_06,Non_astringent,68,0,0,100
1992,Wakayama,Hashimotoshi,Hashimotoshi_N_07,Non_astringent,7,0,0,100
1992,Wakayama,Kudoyamacho,Kudoyamacho_N_01,Non_astringent,10,0,0,100
1992,Wakayama,Kudoyamacho,Kudoyamacho_N_02,Non_astringent,6,0,0,100
1992,Wakayama,Kudoyamacho,Kudoyamacho_N_03,Non_astringent,21,0,0,100
1992,Wakayama,Kudoyamacho,Kudoyamacho_N_04,Non_astringent,18,0,0,100
1992,Wakayama,Koyaguchicho,Koyaguchicho_01,Non_astringent,0,0,0,100
1992,Wakayama,Katuragicho,Katuragicho_N_01,Non_astringent,2,0,0,100
1992,Wakayama,Katuragicho,Katuragicho_N_02,Non_astringent,9,0,0,100
1992,Wakayama,Katuragicho,Katuragicho_N_03,Non_astringent,1,0,0,100
1992,Wakayama,Kokawacho,Kokawacho_N_01,Non_astringent,80,0,0,100
1992,Wakayama,Momoyamacho,Momoyamacho_N_01,Non_astringent,7,0,0,100
1992,Wakayama,Momoyamacho,Momoyamacho_N_02,Non_astringent,13,0,0,100
1992,Wakayama,Misatocho,Misatocho_N_01,Non_astringent,6,0,0,100
1992,Wakayama,Misatocho,Misatocho_N_02,Non_astringent,17,0,0,100
1992,Wakayama,Misatocho,Misatocho_N_03,Non_astringent,18,0,0,100
1992,Wakayama,Misatocho,Misatocho_N_04,Non_astringent,69,0,0,100
1992,Wakayama,Misatocho,Misatocho_N_05,Non_astringent,0,0,0,100
1993,Wakayama,Hashimotoshi,Hashimotoshi_N_01,Non_astringent,84,0,0,100
1993,Wakayama,Hashimotoshi,Hashimotoshi_N_02,Non_astringent,92,0,0,100
1993,Wakayama,Hashimotoshi,Hashimotoshi_N_03,Non_astringent,98,12,0,100
1993,Wakayama,Hashimotoshi,Hashimotoshi_N_04,Non_astringent,38,0,0,100
1993,Wakayama,Hashimotoshi,Hashimotoshi_N_05,Non_astringent,70,0,0,100
1993,Wakayama,Hashimotoshi,Hashimotoshi_N_06,Non_astringent,90,0,0,100
1993,Wakayama,Hashimotoshi,Hashimotoshi_N_07,Non_astringent,64,0,0,100
1993,Wakayama,Kudoyamacho,Kudoyamacho_N_01,Non_astringent,58,0,0,100
1993,Wakayama,Kudoyamacho,Kudoyamacho_N_02,Non_astringent,80,0,0,100
1993,Wakayama,Kudoyamacho,Kudoyamacho_N_03,Non_astringent,94,2,0,100
1993,Wakayama,Kudoyamacho,Kudoyamacho_N_04,Non_astringent,84,0,0,100
1993,Wakayama,Koyaguchicho,Koyaguchicho_01,Non_astringent,60,0,0,100
1993,Wakayama,Katuragicho,Katuragicho_N_01,Non_astringent,48,0,0,100
1993,Wakayama,Katuragicho,Katuragicho_N_02,Non_astringent,74,0,0,100
1993,Wakayama,Katuragicho,Katuragicho_N_03,Non_astringent,34,0,0,100
1993,Wakayama,Kokawacho,Kokawacho_N_01,Non_astringent,100,8,4,100
1993,Wakayama,Momoyamacho,Momoyamacho_N_01,Non_astringent,86,0,0,100
1993,Wakayama,Momoyamacho,Momoyamacho_N_02,Non_astringent,98,36,0,100
1993,Wakayama,Misatocho,Misatocho_N_01,Non_astringent,98,0,0,100
1993,Wakayama,Misatocho,Misatocho_N_02,Non_astringent,94,0,0,100
1993,Wakayama,Misatocho,Misatocho_N_03,Non_astringent,90,14,0,100
1993,Wakayama,Misatocho,Misatocho_N_04,Non_astringent,100,12,0,100
1993,Wakayama,Misatocho,Misatocho_N_05,Non_astringent,88,0,0,100
1993,Wakayama,Hashimotoshi,Hashimotoshi_A_01,Astringent,22,0,0,100
1993,Wakayama,Hashimotoshi,Hashimotoshi_A_02,Astringent,74,0,0,100
1993,Wakayama,Hashimotoshi,Hashimotoshi_A_03,Astringent,76,0,0,100
1993,Wakayama,Hashimotoshi,Hashimotoshi_A_04,Astringent,22,0,0,100
1993,Wakayama,Kudoyamacho,Kudoyamacho_A_01,Astringent,20,0,0,100
1993,Wakayama,Kudoyamacho,Kudoyamacho_A_02,Astringent,40,0,0,100
1993,Wakayama,Kudoyamacho,Kudoyamacho_A_03,Astringent,52,0,0,100
1993,Wakayama,Kudoyamacho,Kudoyamacho_A_04,Astringent,6,0,0,100
1993,Wakayama,Koyaguchicho,Koyaguchicho_01,Astringent,48,0,0,100
1993,Wakayama,Katuragicho,Katuragicho_A_01,Astringent,30,0,0,100
1993,Wakayama,Katuragicho,Katuragicho_A_02,Astringent,6,0,0,100
1993,Wakayama,Kokawacho,Kokawacho_A_01,Astringent,98,0,0,100
1993,Wakayama,Momoyamacho,Momoyamacho_A_01,Astringent,56,0,0,100
1993,Wakayama,Momoyamacho,Momoyamacho_A_02,Astringent,90,0,0,100
1993,Wakayama,Misatocho,Misatocho_A_01,Astringent,11,0,0,100
1993,Wakayama,Misatocho,Misatocho_A_02,Astringent,24,0,0,100
1994,Wakayama,Hashimotoshi,Hashimotoshi_N_01,Non_astringent,36,0,0,100
1994,Wakayama,Hashimotoshi,Hashimotoshi_N_02,Non_astringent,100,0,0,100
1994,Wakayama,Hashimotoshi,Hashimotoshi_N_03,Non_astringent,34,0,0,100
1994,Wakayama,Hashimotoshi,Hashimotoshi_N_04,Non_astringent,20,0,0,100
1994,Wakayama,Hashimotoshi,Hashimotoshi_N_05,Non_astringent,42,0,0,100
1994,Wakayama,Hashimotoshi,Hashimotoshi_N_06,Non_astringent,30,0,0,100
1994,Wakayama,Hashimotoshi,Hashimotoshi_N_07,Non_astringent,34,0,0,100
1994,Wakayama,Kudoyamacho,Kudoyamacho_N_01,Non_astringent,8,0,0,100
1994,Wakayama,Kudoyamacho,Kudoyamacho_N_02,Non_astringent,20,0,0,100
1994,Wakayama,Kudoyamacho,Kudoyamacho_N_03,Non_astringent,70,0,0,100
1994,Wakayama,Kudoyamacho,Kudoyamacho_N_04,Non_astringent,20,0,0,100
1994,Wakayama,Koyaguchicho,Koyaguchicho_01,Non_astringent,30,0,0,100
1994,Wakayama,Katuragicho,Katuragicho_N_01,Non_astringent,10,0,0,100
1994,Wakayama,Katuragicho,Katuragicho_N_02,Non_astringent,20,0,0,100
1994,Wakayama,Katuragicho,Katuragicho_N_03,Non_astringent,0,0,0,100
1994,Wakayama,Kokawacho,Kokawacho_N_01,Non_astringent,86,0,0,100
1994,Wakayama,Momoyamacho,Momoyamacho_N_01,Non_astringent,28,0,0,100
1994,Wakayama,Momoyamacho,Momoyamacho_N_02,Non_astringent,26,0,0,100
1994,Wakayama,Misatocho,Misatocho_N_01,Non_astringent,16,4,0,100
1994,Wakayama,Misatocho,Misatocho_N_02,Non_astringent,16,0,0,100
1994,Wakayama,Misatocho,Misatocho_N_03,Non_astringent,16,2,0,100
1994,Wakayama,Misatocho,Misatocho_N_04,Non_astringent,16,14,0,100
1994,Wakayama,Misatocho,Misatocho_N_05,Non_astringent,20,0,0,100
1994,Wakayama,Hashimotoshi,Hashimotoshi_A_01,Astringent,22,0,0,100
1994,Wakayama,Hashimotoshi,Hashimotoshi_A_02,Astringent,10,0,0,100
1994,Wakayama,Hashimotoshi,Hashimotoshi_A_03,Astringent,4,0,0,100
1994,Wakayama,Hashimotoshi,Hashimotoshi_A_04,Astringent,0,0,0,100
1994,Wakayama,Hashimotoshi,Hashimotoshi_A_05,Astringent,0,0,0,100
1994,Wakayama,Kudoyamacho,Kudoyamacho_A_01,Astringent,0,0,0,100
1994,Wakayama,Kudoyamacho,Kudoyamacho_A_02,Astringent,0,0,0,100
1994,Wakayama,Kudoyamacho,Kudoyamacho_A_03,Astringent,8,0,0,100
1994,Wakayama,Kudoyamacho,Kudoyamacho_A_04,Astringent,0,0,0,100
1994,Wakayama,Koyaguchicho,Koyaguchicho_01,Astringent,4,0,0,100
1994,Wakayama,Katuragicho,Katuragicho_A_01,Astringent,0,0,0,100
1994,Wakayama,Katuragicho,Katuragicho_A_02,Astringent,0,0,0,100
1994,Wakayama,Kokawacho,Kokawacho_A_01,Astringent,4,0,0,100
1994,Wakayama,Momoyamacho,Momoyamacho_A_01,Astringent,0,0,0,100
1994,Wakayama,Momoyamacho,Momoyamacho_A_02,Astringent,2,0,0,100
1994,Wakayama,Misatocho,Misatocho_A_01,Astringent,0,0,0,100
1994,Wakayama,Misatocho,Misatocho_A_02,Astringent,0,0,0,100
1995,Wakayama,Hashimotoshi,Hashimotoshi_N_01,Non_astringent,96,0,0,100
1995,Wakayama,Hashimotoshi,Hashimotoshi_N_02,Non_astringent,62,0,0,100
1995,Wakayama,Hashimotoshi,Hashimotoshi_N_03,Non_astringent,78,0,0,100
1995,Wakayama,Hashimotoshi,Hashimotoshi_N_04,Non_astringent,18,0,0,100
1995,Wakayama,Hashimotoshi,Hashimotoshi_N_05,Non_astringent,98,0,0,100
1995,Wakayama,Hashimotoshi,Hashimotoshi_N_06,Non_astringent,72,0,0,100
1995,Wakayama,Hashimotoshi,Hashimotoshi_N_07,Non_astringent,34,0,0,100
1995,Wakayama,Kudoyamacho,Kudoyamacho_N_01,Non_astringent,8,0,0,100
1995,Wakayama,Kudoyamacho,Kudoyamacho_N_02,Non_astringent,40,0,0,100
1995,Wakayama,Kudoyamacho,Kudoyamacho_N_03,Non_astringent,94,0,0,100
1995,Wakayama,Kudoyamacho,Kudoyamacho_N_04,Non_astringent,NA,NA,NA,100
1995,Wakayama,Koyaguchicho,Koyaguchicho_01,Non_astringent,16,0,0,100
1995,Wakayama,Katuragicho,Katuragicho_N_01,Non_astringent,6,2,0,100
1995,Wakayama,Katuragicho,Katuragicho_N_02,Non_astringent,38,0,0,100
1995,Wakayama,Katuragicho,Katuragicho_N_03,Non_astringent,0,0,0,100
1995,Wakayama,Kokawacho,Kokawacho_N_01,Non_astringent,74,0,0,100
1995,Wakayama,Momoyamacho,Momoyamacho_N_01,Non_astringent,52,0,0,100
1995,Wakayama,Momoyamacho,Momoyamacho_N_02,Non_astringent,36,42,0,100
1995,Wakayama,Misatocho,Misatocho_N_01,Non_astringent,24,8,0,100
1995,Wakayama,Misatocho,Misatocho_N_02,Non_astringent,92,0,0,100
1995,Wakayama,Misatocho,Misatocho_N_03,Non_astringent,0,8,0,100
1995,Wakayama,Misatocho,Misatocho_N_04,Non_astringent,82,0,0,100
1995,Wakayama,Misatocho,Misatocho_N_05,Non_astringent,4,0,0,100
1995,Wakayama,Hashimotoshi,Hashimotoshi_A_01,Astringent,32,0,0,100
1995,Wakayama,Hashimotoshi,Hashimotoshi_A_02,Astringent,44,0,0,100
1995,Wakayama,Hashimotoshi,Hashimotoshi_A_03,Astringent,0,0,0,100
1995,Wakayama,Hashimotoshi,Hashimotoshi_A_04,Astringent,0,0,0,100
1995,Wakayama,Hashimotoshi,Hashimotoshi_A_05,Astringent,0,0,0,100
1995,Wakayama,Kudoyamacho,Kudoyamacho_A_01,Astringent,8,0,0,100
1995,Wakayama,Kudoyamacho,Kudoyamacho_A_02,Astringent,6,0,0,100
1995,Wakayama,Kudoyamacho,Kudoyamacho_A_03,Astringent,24,0,0,100
1995,Wakayama,Kudoyamacho,Kudoyamacho_A_04,Astringent,NA,NA,NA,100
1995,Wakayama,Koyaguchicho,Koyaguchicho_01,Astringent,0,0,0,100
1995,Wakayama,Katuragicho,Katuragicho_A_01,Astringent,0,0,0,100
1995,Wakayama,Katuragicho,Katuragicho_A_02,Astringent,0,0,0,100
1995,Wakayama,Kokawacho,Kokawacho_A_01,Astringent,6,0,0,100
1995,Wakayama,Momoyamacho,Momoyamacho_A_01,Astringent,2,0,0,100
1995,Wakayama,Momoyamacho,Momoyamacho_A_02,Astringent,0,0,0,100
1995,Wakayama,Misatocho,Misatocho_A_01,Astringent,0,0,0,100
1995,Wakayama,Misatocho,Misatocho_A_02,Astringent,0,0,0,100
1996,Wakayama,Hashimotoshi,Hashimotoshi_N_01,Non_astringent,96,0,0,100
1996,Wakayama,Hashimotoshi,Hashimotoshi_N_02,Non_astringent,12,0,0,100
1996,Wakayama,Hashimotoshi,Hashimotoshi_N_03,Non_astringent,90,0,0,100
1996,Wakayama,Hashimotoshi,Hashimotoshi_N_04,Non_astringent,94,0,0,100
1996,Wakayama,Kudoyamacho,Kudoyamacho_N_01,Non_astringent,60,0,0,100
1996,Wakayama,Kudoyamacho,Kudoyamacho_N_02,Non_astringent,54,0,0,100
1996,Wakayama,Koyaguchicho,Koyaguchicho_01,Non_astringent,16,0,0,100
1996,Wakayama,Katuragicho,Katuragicho_N_01,Non_astringent,70,0,0,100
1996,Wakayama,Katuragicho,Katuragicho_N_02,Non_astringent,86,0,0,100
1996,Wakayama,Katuragicho,Katuragicho_N_03,Non_astringent,34,0,0,100
1996,Wakayama,Katuragicho,Katuragicho_N_04,Non_astringent,82,0,0,100
1996,Wakayama,Kokawacho,Kokawacho_N_01,Non_astringent,100,0,0,100
1996,Wakayama,Momoyamacho,Momoyamacho_N_01,Non_astringent,100,0,0,100
1996,Wakayama,Momoyamacho,Momoyamacho_N_02,Non_astringent,100,8,0,100
1996,Wakayama,Misatocho,Misatocho_N_01,Non_astringent,70,0,0,100
1996,Wakayama,Misatocho,Misatocho_N_02,Non_astringent,100,0,0,100
1996,Wakayama,Misatocho,Misatocho_N_03,Non_astringent,0,0,0,100
1996,Wakayama,Hashimotoshi,Hashimotoshi_A_01,Astringent,78,0,0,100
1996,Wakayama,Hashimotoshi,Hashimotoshi_A_02,Astringent,0,0,0,100
1996,Wakayama,Hashimotoshi,Hashimotoshi_A_03,Astringent,0,0,0,100
1996,Wakayama,Hashimotoshi,Hashimotoshi_A_04,Astringent,0,0,0,100
1996,Wakayama,Kudoyamacho,Kudoyamacho_A_01,Astringent,0,0,0,100
1996,Wakayama,Kudoyamacho,Kudoyamacho_A_02,Astringent,0,0,0,100
1996,Wakayama,Koyaguchicho,Koyaguchicho_01,Astringent,68,0,0,100
1996,Wakayama,Katuragicho,Katuragicho_A_01,Astringent,0,0,0,100
1996,Wakayama,Katuragicho,Katuragicho_A_02,Astringent,0,0,0,100
1996,Wakayama,Katuragicho,Katuragicho_A_03,Astringent,50,10,0,100
1996,Wakayama,Katuragicho,Katuragicho_A_04,Astringent,0,0,0,100
1996,Wakayama,Katuragicho,Katuragicho_A_05,Astringent,0,0,0,100
1996,Wakayama,Kokawacho,Kokawacho_A_01,Astringent,0,0,0,100
1996,Wakayama,Momoyamacho,Momoyamacho_A_01,Astringent,66,0,0,100
1996,Wakayama,Momoyamacho,Momoyamacho_A_02,Astringent,54,0,0,100
1996,Wakayama,Misatocho,Misatocho_A_01,Astringent,0,0,0,100
1996,Wakayama,Misatocho,Misatocho_A_02,Astringent,4,0,0,100
1997,Wakayama,Hashimotoshi,Hashimotoshi_N_01,Non_astringent,68,0,0,100
1997,Wakayama,Hashimotoshi,Hashimotoshi_N_02,Non_astringent,2,0,0,100
1997,Wakayama,Hashimotoshi,Hashimotoshi_N_03,Non_astringent,36,8,0,100
1997,Wakayama,Hashimotoshi,Hashimotoshi_N_04,Non_astringent,80,0,0,100
1997,Wakayama,Kudoyamacho,Kudoyamacho_N_01,Non_astringent,22,0,0,100
1997,Wakayama,Kudoyamacho,Kudoyamacho_N_02,Non_astringent,10,0,0,100
1997,Wakayama,Koyaguchicho,Koyaguchicho_01,Non_astringent,16,0,0,100
1997,Wakayama,Katuragicho,Katuragicho_N_01,Non_astringent,100,0,0,100
1997,Wakayama,Katuragicho,Katuragicho_N_02,Non_astringent,58,0,0,100
1997,Wakayama,Katuragicho,Katuragicho_N_03,Non_astringent,2,0,0,100
1997,Wakayama,Katuragicho,Katuragicho_N_04,Non_astringent,96,0,0,100
1997,Wakayama,Kokawacho,Kokawacho_N_01,Non_astringent,100,0,0,100
1997,Wakayama,Momoyamacho,Momoyamacho_N_01,Non_astringent,4,86,0,100
1997,Wakayama,Momoyamacho,Momoyamacho_N_02,Non_astringent,96,8,0,100
1997,Wakayama,Misatocho,Misatocho_N_01,Non_astringent,70,8,0,100
1997,Wakayama,Misatocho,Misatocho_N_02,Non_astringent,76,0,0,100
1997,Wakayama,Misatocho,Misatocho_N_03,Non_astringent,46,16,0,100
1997,Wakayama,Hashimotoshi,Hashimotoshi_A_01,Astringent,40,8,0,100
1997,Wakayama,Hashimotoshi,Hashimotoshi_A_02,Astringent,0,6,0,100
1997,Wakayama,Hashimotoshi,Hashimotoshi_A_03,Astringent,24,0,0,100
1997,Wakayama,Hashimotoshi,Hashimotoshi_A_04,Astringent,4,0,0,100
1997,Wakayama,Kudoyamacho,Kudoyamacho_A_01,Astringent,64,0,0,100
1997,Wakayama,Kudoyamacho,Kudoyamacho_A_02,Astringent,4,0,0,100
1997,Wakayama,Koyaguchicho,Koyaguchicho_01,Astringent,18,16,0,100
1997,Wakayama,Katuragicho,Katuragicho_A_01,Astringent,20,0,0,100
1997,Wakayama,Katuragicho,Katuragicho_A_02,Astringent,0,0,0,100
1997,Wakayama,Katuragicho,Katuragicho_A_03,Astringent,20,0,0,100
1997,Wakayama,Katuragicho,Katuragicho_A_04,Astringent,4,0,0,100
1997,Wakayama,Katuragicho,Katuragicho_A_05,Astringent,0,0,0,100
1997,Wakayama,Kokawacho,Kokawacho_A_01,Astringent,0,0,0,100
1997,Wakayama,Momoyamacho,Momoyamacho_A_01,Astringent,28,0,0,100
1997,Wakayama,Momoyamacho,Momoyamacho_A_02,Astringent,74,0,0,100
1997,Wakayama,Misatocho,Misatocho_A_01,Astringent,28,8,0,100
1997,Wakayama,Misatocho,Misatocho_A_02,Astringent,0,0,0,100
1998,Wakayama,Hashimotoshi,Hashimotoshi_N_01,Non_astringent,27,10,0,100
1998,Wakayama,Hashimotoshi,Hashimotoshi_N_02,Non_astringent,6,0,0,100
1998,Wakayama,Hashimotoshi,Hashimotoshi_N_03,Non_astringent,40,15,0,100
1998,Wakayama,Hashimotoshi,Hashimotoshi_N_04,Non_astringent,21,39,0,100
1998,Wakayama,Kudoyamacho,Kudoyamacho_N_01,Non_astringent,12,0,0,100
1998,Wakayama,Kudoyamacho,Kudoyamacho_N_02,Non_astringent,23,0,0,100
1998,Wakayama,Koyaguchicho,Koyaguchicho_01,Non_astringent,31,37,0,100
1998,Wakayama,Katuragicho,Katuragicho_N_01,Non_astringent,71,0,0,100
1998,Wakayama,Katuragicho,Katuragicho_N_02,Non_astringent,77,0,0,100
1998,Wakayama,Katuragicho,Katuragicho_N_03,Non_astringent,42,0,0,100
1998,Wakayama,Katuragicho,Katuragicho_N_04,Non_astringent,10,0,0,100
1998,Wakayama,Kokawacho,Kokawacho_N_01,Non_astringent,90,0,0,100
1998,Wakayama,Momoyamacho,Momoyamacho_N_01,Non_astringent,16,22,0,100
1998,Wakayama,Momoyamacho,Momoyamacho_N_02,Non_astringent,24,50,0,100
1998,Wakayama,Misatocho,Misatocho_N_01,Non_astringent,7,10,0,100
1998,Wakayama,Misatocho,Misatocho_N_02,Non_astringent,29,5,0,100
1998,Wakayama,Misatocho,Misatocho_N_03,Non_astringent,7,28,0,100
1998,Wakayama,Hashimotoshi,Hashimotoshi_A_01,Astringent,0,28,0,100
1998,Wakayama,Hashimotoshi,Hashimotoshi_A_02,Astringent,0,0,0,100
1998,Wakayama,Hashimotoshi,Hashimotoshi_A_03,Astringent,0,0,0,100
1998,Wakayama,Hashimotoshi,Hashimotoshi_A_04,Astringent,0,0,0,100
1998,Wakayama,Kudoyamacho,Kudoyamacho_A_01,Astringent,1,0,0,100
1998,Wakayama,Kudoyamacho,Kudoyamacho_A_02,Astringent,2,7,0,100
1998,Wakayama,Koyaguchicho,Koyaguchicho_01,Astringent,3,38,0,100
1998,Wakayama,Katuragicho,Katuragicho_A_01,Astringent,1,0,0,100
1998,Wakayama,Katuragicho,Katuragicho_A_02,Astringent,0,0,0,100
1998,Wakayama,Katuragicho,Katuragicho_A_03,Astringent,0,0,0,100
1998,Wakayama,Katuragicho,Katuragicho_A_04,Astringent,0,0,0,100
1998,Wakayama,Katuragicho,Katuragicho_A_05,Astringent,1,0,0,100
1998,Wakayama,Kokawacho,Kokawacho_A_01,Astringent,0,0,0,100
1998,Wakayama,Momoyamacho,Momoyamacho_A_01,Astringent,2,30,0,100
1998,Wakayama,Momoyamacho,Momoyamacho_A_02,Astringent,4,13,0,100
1998,Wakayama,Misatocho,Misatocho_A_01,Astringent,1,0,0,100
1998,Wakayama,Misatocho,Misatocho_A_02,Astringent,1,0,0,100
1999,Wakayama,Hashimotoshi,Hashimotoshi_N_01,Non_astringent,11,3,0,100
1999,Wakayama,Hashimotoshi,Hashimotoshi_N_02,Non_astringent,6,0,0,100
1999,Wakayama,Hashimotoshi,Hashimotoshi_N_03,Non_astringent,11,13,0,100
1999,Wakayama,Hashimotoshi,Hashimotoshi_N_04,Non_astringent,24,1,0,100
1999,Wakayama,Kudoyamacho,Kudoyamacho_N_01,Non_astringent,4,2,0,100
1999,Wakayama,Kudoyamacho,Kudoyamacho_N_02,Non_astringent,9,2,0,100
1999,Wakayama,Koyaguchicho,Koyaguchicho_01,Non_astringent,15,0,0,100
1999,Wakayama,Katuragicho,Katuragicho_N_01,Non_astringent,9,0,0,100
1999,Wakayama,Katuragicho,Katuragicho_N_02,Non_astringent,0,0,0,100
1999,Wakayama,Katuragicho,Katuragicho_N_03,Non_astringent,26,5,0,100
1999,Wakayama,Katuragicho,Katuragicho_N_04,Non_astringent,2,0,0,100
1999,Wakayama,Kokawacho,Kokawacho_N_01,Non_astringent,55,18,0,100
1999,Wakayama,Momoyamacho,Momoyamacho_N_01,Non_astringent,12,14,0,100
1999,Wakayama,Momoyamacho,Momoyamacho_N_02,Non_astringent,10,23,0,100
1999,Wakayama,Misatocho,Misatocho_N_01,Non_astringent,8,0,0,100
1999,Wakayama,Misatocho,Misatocho_N_02,Non_astringent,11,0,0,100
1999,Wakayama,Misatocho,Misatocho_N_03,Non_astringent,14,6,0,100
1999,Wakayama,Hashimotoshi,Hashimotoshi_A_01,Astringent,0,12,0,100
1999,Wakayama,Hashimotoshi,Hashimotoshi_A_02,Astringent,1,0,0,100
1999,Wakayama,Hashimotoshi,Hashimotoshi_A_03,Astringent,0,0,0,100
1999,Wakayama,Hashimotoshi,Hashimotoshi_A_04,Astringent,0,0,0,100
1999,Wakayama,Kudoyamacho,Kudoyamacho_A_01,Astringent,0,0,0,100
1999,Wakayama,Kudoyamacho,Kudoyamacho_A_02,Astringent,0,2,0,100
1999,Wakayama,Koyaguchicho,Koyaguchicho_01,Astringent,0,8,0,100
1999,Wakayama,Katuragicho,Katuragicho_A_01,Astringent,0,0,0,100
1999,Wakayama,Katuragicho,Katuragicho_A_02,Astringent,0,0,0,100
1999,Wakayama,Katuragicho,Katuragicho_A_03,Astringent,0,0,0,100
1999,Wakayama,Katuragicho,Katuragicho_A_04,Astringent,0,0,0,100
1999,Wakayama,Katuragicho,Katuragicho_A_05,Astringent,0,5,0,100
1999,Wakayama,Kokawacho,Kokawacho_A_01,Astringent,0,1,0,100
1999,Wakayama,Momoyamacho,Momoyamacho_A_01,Astringent,0,1,0,100
1999,Wakayama,Momoyamacho,Momoyamacho_A_02,Astringent,0,0,0,100
1999,Wakayama,Misatocho,Misatocho_A_01,Astringent,0,0,0,100
1999,Wakayama,Misatocho,Misatocho_A_02,Astringent,0,0,0,100
2000,Wakayama,Hashimotoshi,Hashimotoshi_N_01,Non_astringent,2,2,3,100
2000,Wakayama,Hashimotoshi,Hashimotoshi_N_02,Non_astringent,2,4,0,100
2000,Wakayama,Hashimotoshi,Hashimotoshi_N_03,Non_astringent,7,30,0,100
2000,Wakayama,Hashimotoshi,Hashimotoshi_N_04,Non_astringent,5,19,2,100
2000,Wakayama,Kudoyamacho,Kudoyamacho_N_01,Non_astringent,4,2,0,100
2000,Wakayama,Kudoyamacho,Kudoyamacho_N_02,Non_astringent,15,2,0,100
2000,Wakayama,Koyaguchicho,Koyaguchicho_01,Non_astringent,6,6,1,100
2000,Wakayama,Katuragicho,Katuragicho_N_01,Non_astringent,14,2,0,100
2000,Wakayama,Katuragicho,Katuragicho_N_02,Non_astringent,8,0,0,100
2000,Wakayama,Katuragicho,Katuragicho_N_03,Non_astringent,8,0,0,100
2000,Wakayama,Katuragicho,Katuragicho_N_04,Non_astringent,1,0,0,100
2000,Wakayama,Kokawacho,Kokawacho_N_01,Non_astringent,5,35,0,100
2000,Wakayama,Momoyamacho,Momoyamacho_N_01,Non_astringent,16,12,2,100
2000,Wakayama,Momoyamacho,Momoyamacho_N_02,Non_astringent,7,4,2,100
2000,Wakayama,Misatocho,Misatocho_N_01,Non_astringent,13,2,0,100
2000,Wakayama,Misatocho,Misatocho_N_02,Non_astringent,12,0,0,100
2000,Wakayama,Misatocho,Misatocho_N_03,Non_astringent,2,5,1,100
2000,Wakayama,Hashimotoshi,Hashimotoshi_A_01,Astringent,0,9,0,100
2000,Wakayama,Hashimotoshi,Hashimotoshi_A_02,Astringent,0,3,0,100
2000,Wakayama,Hashimotoshi,Hashimotoshi_A_03,Astringent,0,0,0,100
2000,Wakayama,Hashimotoshi,Hashimotoshi_A_04,Astringent,0,0,0,100
2000,Wakayama,Kudoyamacho,Kudoyamacho_A_01,Astringent,0,0,0,100
2000,Wakayama,Kudoyamacho,Kudoyamacho_A_02,Astringent,0,0,0,100
2000,Wakayama,Koyaguchicho,Koyaguchicho_01,Astringent,0,9,0,100
2000,Wakayama,Katuragicho,Katuragicho_A_01,Astringent,0,0,0,100
2000,Wakayama,Katuragicho,Katuragicho_A_02,Astringent,0,0,0,100
2000,Wakayama,Katuragicho,Katuragicho_A_03,Astringent,0,0,0,100
2000,Wakayama,Katuragicho,Katuragicho_A_04,Astringent,0,0,0,100
2000,Wakayama,Katuragicho,Katuragicho_A_05,Astringent,0,0,0,100
2000,Wakayama,Kokawacho,Kokawacho_A_01,Astringent,2,0,1,100
2000,Wakayama,Momoyamacho,Momoyamacho_A_01,Astringent,0,0,0,100
2000,Wakayama,Momoyamacho,Momoyamacho_A_02,Astringent,0,0,0,100
2000,Wakayama,Misatocho,Misatocho_A_01,Astringent,0,2,0,100
2000,Wakayama,Misatocho,Misatocho_A_02,Astringent,0,0,0,100
2001,Wakayama,Hashimotoshi,Hashimotoshi_N_01,Non_astringent,2,6,0,100
2001,Wakayama,Hashimotoshi,Hashimotoshi_N_02,Non_astringent,2,1,0,100
2001,Wakayama,Hashimotoshi,Hashimotoshi_N_03,Non_astringent,15,8,0,100
2001,Wakayama,Hashimotoshi,Hashimotoshi_N_04,Non_astringent,6,7,2,100
2001,Wakayama,Kudoyamacho,Kudoyamacho_N_01,Non_astringent,7,0,0,100
2001,Wakayama,Kudoyamacho,Kudoyamacho_N_02,Non_astringent,13,0,0,100
2001,Wakayama,Koyaguchicho,Koyaguchicho_01,Non_astringent,1,7,0,100
2001,Wakayama,Katuragicho,Katuragicho_N_01,Non_astringent,7,0,0,100
2001,Wakayama,Katuragicho,Katuragicho_N_02,Non_astringent,14,1,0,100
2001,Wakayama,Katuragicho,Katuragicho_N_03,Non_astringent,2,3,0,100
2001,Wakayama,Katuragicho,Katuragicho_N_04,Non_astringent,4,0,0,100
2001,Wakayama,Kokawacho,Kokawacho_N_01,Non_astringent,28,10,4,100
2001,Wakayama,Momoyamacho,Momoyamacho_N_01,Non_astringent,25,0,0,100
2001,Wakayama,Momoyamacho,Momoyamacho_N_02,Non_astringent,11,5,0,100
2001,Wakayama,Misatocho,Misatocho_N_01,Non_astringent,7,0,0,100
2001,Wakayama,Misatocho,Misatocho_N_02,Non_astringent,19,3,1,100
2001,Wakayama,Misatocho,Misatocho_N_03,Non_astringent,5,11,0,100
2001,Wakayama,Hashimotoshi,Hashimotoshi_A_01,Astringent,3,13,0,100
2001,Wakayama,Hashimotoshi,Hashimotoshi_A_02,Astringent,0,3,0,100
2001,Wakayama,Hashimotoshi,Hashimotoshi_A_03,Astringent,0,0,0,100
2001,Wakayama,Hashimotoshi,Hashimotoshi_A_04,Astringent,0,0,0,100
2001,Wakayama,Kudoyamacho,Kudoyamacho_A_01,Astringent,0,0,0,100
2001,Wakayama,Kudoyamacho,Kudoyamacho_A_02,Astringent,0,0,0,100
2001,Wakayama,Koyaguchicho,Koyaguchicho_01,Astringent,0,6,2,100
2001,Wakayama,Katuragicho,Katuragicho_A_01,Astringent,0,0,0,100
2001,Wakayama,Katuragicho,Katuragicho_A_02,Astringent,0,0,0,100
2001,Wakayama,Katuragicho,Katuragicho_A_03,Astringent,0,0,0,100
2001,Wakayama,Katuragicho,Katuragicho_A_04,Astringent,0,0,0,100
2001,Wakayama,Katuragicho,Katuragicho_A_05,Astringent,0,0,0,100
2001,Wakayama,Kokawacho,Kokawacho_A_01,Astringent,3,6,0,100
2001,Wakayama,Momoyamacho,Momoyamacho_A_01,Astringent,0,0,0,100
2001,Wakayama,Momoyamacho,Momoyamacho_A_02,Astringent,0,0,0,100
2001,Wakayama,Misatocho,Misatocho_A_01,Astringent,0,0,0,100
2001,Wakayama,Misatocho,Misatocho_A_02,Astringent,0,0,0,100
2002,Wakayama,Hashimotoshi,Hashimotoshi_N_01,Non_astringent,18,3,0,100
2002,Wakayama,Hashimotoshi,Hashimotoshi_N_02,Non_astringent,4,0,0,100
2002,Wakayama,Hashimotoshi,Hashimotoshi_N_03,Non_astringent,28,27,0,100
2002,Wakayama,Hashimotoshi,Hashimotoshi_N_04,Non_astringent,24,2,0,100
2002,Wakayama,Kudoyamacho,Kudoyamacho_N_01,Non_astringent,9,0,2,100
2002,Wakayama,Kudoyamacho,Kudoyamacho_N_02,Non_astringent,10,0,0,100
2002,Wakayama,Koyaguchicho,Koyaguchicho_01,Non_astringent,32,10,0,100
2002,Wakayama,Katuragicho,Katuragicho_N_01,Non_astringent,11,0,0,100
2002,Wakayama,Katuragicho,Katuragicho_N_02,Non_astringent,46,0,0,100
2002,Wakayama,Katuragicho,Katuragicho_N_03,Non_astringent,30,7,0,100
2002,Wakayama,Katuragicho,Katuragicho_N_04,Non_astringent,60,0,0,100
2002,Wakayama,Kokawacho,Kokawacho_N_01,Non_astringent,51,4,0,100
2002,Wakayama,Momoyamacho,Momoyamacho_N_01,Non_astringent,13,3,0,100
2002,Wakayama,Momoyamacho,Momoyamacho_N_02,Non_astringent,2,8,0,100
2002,Wakayama,Misatocho,Misatocho_N_01,Non_astringent,7,0,0,100
2002,Wakayama,Misatocho,Misatocho_N_02,Non_astringent,74,0,0,100
2002,Wakayama,Misatocho,Misatocho_N_03,Non_astringent,3,7,0,100
2002,Wakayama,Hashimotoshi,Hashimotoshi_A_01,Astringent,4,6,0,100
2002,Wakayama,Hashimotoshi,Hashimotoshi_A_02,Astringent,1,1,0,100
2002,Wakayama,Hashimotoshi,Hashimotoshi_A_03,Astringent,1,2,0,100
2002,Wakayama,Hashimotoshi,Hashimotoshi_A_04,Astringent,0,0,0,100
2002,Wakayama,Kudoyamacho,Kudoyamacho_A_01,Astringent,3,0,2,100
2002,Wakayama,Kudoyamacho,Kudoyamacho_A_02,Astringent,2,4,0,100
2002,Wakayama,Koyaguchicho,Koyaguchicho_01,Astringent,3,7,0,100
2002,Wakayama,Katuragicho,Katuragicho_A_01,Astringent,2,0,0,100
2002,Wakayama,Katuragicho,Katuragicho_A_02,Astringent,0,0,0,100
2002,Wakayama,Katuragicho,Katuragicho_A_03,Astringent,2,0,0,100
2002,Wakayama,Katuragicho,Katuragicho_A_04,Astringent,0,0,0,100
2002,Wakayama,Katuragicho,Katuragicho_A_05,Astringent,0,0,0,100
2002,Wakayama,Kokawacho,Kokawacho_A_01,Astringent,2,9,0,100
2002,Wakayama,Momoyamacho,Momoyamacho_A_01,Astringent,0,0,0,100
2002,Wakayama,Momoyamacho,Momoyamacho_A_02,Astringent,0,0,2,100
2002,Wakayama,Misatocho,Misatocho_A_01,Astringent,0,0,0,100
2002,Wakayama,Misatocho,Misatocho_A_02,Astringent,0,0,0,100
2003,Wakayama,Hashimotoshi,Hashimotoshi_N_01,Non_astringent,0,11,5,100
2003,Wakayama,Hashimotoshi,Hashimotoshi_N_02,Non_astringent,0,4,4,100
2003,Wakayama,Hashimotoshi,Hashimotoshi_N_03,Non_astringent,0,30,1,100
2003,Wakayama,Hashimotoshi,Hashimotoshi_N_04,Non_astringent,0,14,4,100
2003,Wakayama,Kudoyamacho,Kudoyamacho_N_01,Non_astringent,0,9,0,100
2003,Wakayama,Kudoyamacho,Kudoyamacho_N_02,Non_astringent,0,33,0,100
2003,Wakayama,Koyaguchicho,Koyaguchicho_01,Non_astringent,0,23,3,100
2003,Wakayama,Katuragicho,Katuragicho_N_01,Non_astringent,0,13,1,100
2003,Wakayama,Katuragicho,Katuragicho_N_02,Non_astringent,1,62,0,100
2003,Wakayama,Katuragicho,Katuragicho_N_03,Non_astringent,0,22,8,100
2003,Wakayama,Katuragicho,Katuragicho_N_04,Non_astringent,0,34,0,100
2003,Wakayama,Kokawacho,Kokawacho_N_01,Non_astringent,1,31,5,100
2003,Wakayama,Momoyamacho,Momoyamacho_N_01,Non_astringent,0,19,3,100
2003,Wakayama,Momoyamacho,Momoyamacho_N_02,Non_astringent,0,0,11,100
2003,Wakayama,Misatocho,Misatocho_N_01,Non_astringent,0,16,10,100
2003,Wakayama,Misatocho,Misatocho_N_02,Non_astringent,0,36,0,100
2003,Wakayama,Misatocho,Misatocho_N_03,Non_astringent,1,5,30,100
2003,Wakayama,Hashimotoshi,Hashimotoshi_A_01,Astringent,0,4,35,100
2003,Wakayama,Hashimotoshi,Hashimotoshi_A_02,Astringent,0,0,9,100
2003,Wakayama,Hashimotoshi,Hashimotoshi_A_03,Astringent,0,0,0,100
2003,Wakayama,Hashimotoshi,Hashimotoshi_A_04,Astringent,0,0,7,100
2003,Wakayama,Kudoyamacho,Kudoyamacho_A_01,Astringent,0,7,0,100
2003,Wakayama,Kudoyamacho,Kudoyamacho_A_02,Astringent,0,13,4,100
2003,Wakayama,Koyaguchicho,Koyaguchicho_01,Astringent,0,2,2,100
2003,Wakayama,Katuragicho,Katuragicho_A_01,Astringent,0,2,0,100
2003,Wakayama,Katuragicho,Katuragicho_A_02,Astringent,0,0,0,100
2003,Wakayama,Katuragicho,Katuragicho_A_03,Astringent,0,21,0,100
2003,Wakayama,Katuragicho,Katuragicho_A_04,Astringent,0,3,0,100
2003,Wakayama,Katuragicho,Katuragicho_A_05,Astringent,0,11,0,100
2003,Wakayama,Kokawacho,Kokawacho_A_01,Astringent,0,1,4,100
2003,Wakayama,Momoyamacho,Momoyamacho_A_01,Astringent,0,4,6,100
2003,Wakayama,Momoyamacho,Momoyamacho_A_02,Astringent,0,0,2,100
2003,Wakayama,Misatocho,Misatocho_A_01,Astringent,0,0,4,100
2003,Wakayama,Misatocho,Misatocho_A_02,Astringent,0,0,1,100
2004,Wakayama,Hashimotoshi,Hashimotoshi_N_01,Non_astringent,0,55,0,100
2004,Wakayama,Hashimotoshi,Hashimotoshi_N_02,Non_astringent,0,22,0,100
2004,Wakayama,Hashimotoshi,Hashimotoshi_N_03,Non_astringent,0,20,0,100
2004,Wakayama,Hashimotoshi,Hashimotoshi_N_04,Non_astringent,0,7,0,100
2004,Wakayama,Kudoyamacho,Kudoyamacho_N_01,Non_astringent,0,0,0,100
2004,Wakayama,Kudoyamacho,Kudoyamacho_N_02,Non_astringent,0,7,0,100
2004,Wakayama,Koyaguchicho,Koyaguchicho_01,Non_astringent,0,10,0,100
2004,Wakayama,Katuragicho,Katuragicho_N_01,Non_astringent,0,17,0,100
2004,Wakayama,Katuragicho,Katuragicho_N_02,Non_astringent,0,5,0,100
2004,Wakayama,Katuragicho,Katuragicho_N_03,Non_astringent,0,39,0,100
2004,Wakayama,Katuragicho,Katuragicho_N_04,Non_astringent,0,6,0,100
2004,Wakayama,Kokawacho,Kokawacho_N_01,Non_astringent,0,15,0,100
2004,Wakayama,Momoyamacho,Momoyamacho_N_01,Non_astringent,0,43,0,100
2004,Wakayama,Momoyamacho,Momoyamacho_N_02,Non_astringent,0,4,0,100
2004,Wakayama,Misatocho,Misatocho_N_01,Non_astringent,0,34,0,100
2004,Wakayama,Misatocho,Misatocho_N_02,Non_astringent,0,22,0,100
2004,Wakayama,Misatocho,Misatocho_N_03,Non_astringent,0,18,0,100
2004,Wakayama,Hashimotoshi,Hashimotoshi_A_01,Astringent,1,9,0,100
2004,Wakayama,Hashimotoshi,Hashimotoshi_A_02,Astringent,1,3,0,100
2004,Wakayama,Hashimotoshi,Hashimotoshi_A_03,Astringent,18,0,0,100
2004,Wakayama,Hashimotoshi,Hashimotoshi_A_04,Astringent,0,14,0,100
2004,Wakayama,Kudoyamacho,Kudoyamacho_A_01,Astringent,17,0,0,100
2004,Wakayama,Kudoyamacho,Kudoyamacho_A_02,Astringent,24,0,0,100
2004,Wakayama,Koyaguchicho,Koyaguchicho_01,Astringent,0,27,0,100
2004,Wakayama,Katuragicho,Katuragicho_A_01,Astringent,4,0,0,100
2004,Wakayama,Katuragicho,Katuragicho_A_02,Astringent,0,6,1,100
2004,Wakayama,Katuragicho,Katuragicho_A_03,Astringent,0,0,0,100
2004,Wakayama,Katuragicho,Katuragicho_A_04,Astringent,11,4,2,100
2004,Wakayama,Katuragicho,Katuragicho_A_05,Astringent,13,0,0,100
2004,Wakayama,Kokawacho,Kokawacho_A_01,Astringent,0,0,0,100
2004,Wakayama,Momoyamacho,Momoyamacho_A_01,Astringent,0,4,0,100
2004,Wakayama,Momoyamacho,Momoyamacho_A_02,Astringent,0,0,0,100
2004,Wakayama,Misatocho,Misatocho_A_01,Astringent,0,9,0,100
2004,Wakayama,Misatocho,Misatocho_A_02,Astringent,0,0,0,100
2005,Wakayama,Hashimotoshi,Hashimotoshi_N_01,Non_astringent,0,4,0,100
2005,Wakayama,Hashimotoshi,Hashimotoshi_N_02,Non_astringent,22,8,0,100
2005,Wakayama,Hashimotoshi,Hashimotoshi_N_03,Non_astringent,45,6,0,100
2005,Wakayama,Hashimotoshi,Hashimotoshi_N_04,Non_astringent,17,24,0,100
2005,Wakayama,Kudoyamacho,Kudoyamacho_N_01,Non_astringent,4,0,0,100
2005,Wakayama,Kudoyamacho,Kudoyamacho_N_02,Non_astringent,32,0,0,100
2005,Wakayama,Koyaguchicho,Koyaguchicho_01,Non_astringent,1,1,0,100
2005,Wakayama,Katuragicho,Katuragicho_N_01,Non_astringent,0,8,0,100
2005,Wakayama,Katuragicho,Katuragicho_N_02,Non_astringent,22,0,0,100
2005,Wakayama,Katuragicho,Katuragicho_N_03,Non_astringent,43,16,0,100
2005,Wakayama,Katuragicho,Katuragicho_N_04,Non_astringent,44,1,0,100
2005,Wakayama,Kokawacho,Kokawacho_N_01,Non_astringent,17,9,0,100
2005,Wakayama,Momoyamacho,Momoyamacho_N_01,Non_astringent,2,31,0,100
2005,Wakayama,Momoyamacho,Momoyamacho_N_02,Non_astringent,5,3,2,100
2005,Wakayama,Misatocho,Misatocho_N_01,Non_astringent,0,6,0,100
2005,Wakayama,Misatocho,Misatocho_N_02,Non_astringent,35,0,0,100
2005,Wakayama,Misatocho,Misatocho_N_03,Non_astringent,0,57,2,100
2005,Wakayama,Hashimotoshi,Hashimotoshi_A_01,Astringent,7,4,0,100
2005,Wakayama,Hashimotoshi,Hashimotoshi_A_02,Astringent,0,3,0,100
2005,Wakayama,Hashimotoshi,Hashimotoshi_A_03,Astringent,18,0,0,100
2005,Wakayama,Hashimotoshi,Hashimotoshi_A_04,Astringent,4,0,0,100
2005,Wakayama,Kudoyamacho,Kudoyamacho_A_01,Astringent,29,0,0,100
2005,Wakayama,Kudoyamacho,Kudoyamacho_A_02,Astringent,19,9,0,100
2005,Wakayama,Koyaguchicho,Koyaguchicho_01,Astringent,2,4,0,100
2005,Wakayama,Katuragicho,Katuragicho_A_01,Astringent,0,0,0,100
2005,Wakayama,Katuragicho,Katuragicho_A_02,Astringent,12,0,0,100
2005,Wakayama,Katuragicho,Katuragicho_A_03,Astringent,20,0,0,100
2005,Wakayama,Katuragicho,Katuragicho_A_04,Astringent,30,4,1,100
2005,Wakayama,Katuragicho,Katuragicho_A_05,Astringent,22,0,0,100
2005,Wakayama,Kokawacho,Kokawacho_A_01,Astringent,0,0,0,100
2005,Wakayama,Momoyamacho,Momoyamacho_A_01,Astringent,1,0,0,100
2005,Wakayama,Momoyamacho,Momoyamacho_A_02,Astringent,0,0,0,100
2005,Wakayama,Misatocho,Misatocho_A_01,Astringent,0,0,0,100
2005,Wakayama,Misatocho,Misatocho_A_02,Astringent,0,0,0,100
2006,Wakayama,Hashimotoshi,Hashimotoshi_N_01,Non_astringent,8,18,18,100
2006,Wakayama,Hashimotoshi,Hashimotoshi_N_02,Non_astringent,47,1,1,100
2006,Wakayama,Hashimotoshi,Hashimotoshi_N_03,Non_astringent,58,40,40,100
2006,Wakayama,Hashimotoshi,Hashimotoshi_N_04,Non_astringent,12,9,9,100
2006,Wakayama,Kudoyamacho,Kudoyamacho_N_01,Non_astringent,23,0,0,100
2006,Wakayama,Kudoyamacho,Kudoyamacho_N_02,Non_astringent,61,5,5,100
2006,Wakayama,Katuragicho,Katuragicho_N_01,Non_astringent,41,23,25,100
2006,Wakayama,Katuragicho,Katuragicho_N_02,Non_astringent,44,7,7,100
2006,Wakayama,Katuragicho,Katuragicho_N_03,Non_astringent,73,0,0,100
2006,Wakayama,Katuragicho,Katuragicho_N_04,Non_astringent,38,1,1,100
2006,Wakayama,Kokawacho,Kokawacho_N_01,Non_astringent,48,3,3,100
2006,Wakayama,Momoyamacho,Momoyamacho_N_01,Non_astringent,29,15,15,100
2006,Wakayama,Momoyamacho,Momoyamacho_N_02,Non_astringent,7,11,11,100
2006,Wakayama,Misatocho,Misatocho_N_01,Non_astringent,2,1,1,100
2006,Wakayama,Misatocho,Misatocho_N_02,Non_astringent,63,0,1,100
2006,Wakayama,Misatocho,Misatocho_N_03,Non_astringent,5,73,73,100
2006,Wakayama,Hashimotoshi,Hashimotoshi_A_01,Astringent,43,3,3,100
2006,Wakayama,Hashimotoshi,Hashimotoshi_A_02,Astringent,35,0,0,100
2006,Wakayama,Hashimotoshi,Hashimotoshi_A_03,Astringent,21,0,0,100
2006,Wakayama,Hashimotoshi,Hashimotoshi_A_04,Astringent,6,4,0,100
2006,Wakayama,Kudoyamacho,Kudoyamacho_A_01,Astringent,11,0,0,100
2006,Wakayama,Kudoyamacho,Kudoyamacho_A_02,Astringent,37,2,0,100
2006,Wakayama,Katuragicho,Katuragicho_A_01,Astringent,22,35,0,100
2006,Wakayama,Katuragicho,Katuragicho_A_02,Astringent,30,1,0,100
2006,Wakayama,Katuragicho,Katuragicho_A_03,Astringent,24,0,1,100
2006,Wakayama,Katuragicho,Katuragicho_A_04,Astringent,26,7,0,100
2006,Wakayama,Katuragicho,Katuragicho_A_05,Astringent,30,0,0,100
2006,Wakayama,Kokawacho,Kokawacho_A_01,Astringent,12,0,0,100
2006,Wakayama,Momoyamacho,Momoyamacho_A_01,Astringent,3,2,2,100
2006,Wakayama,Momoyamacho,Momoyamacho_A_02,Astringent,4,0,0,100
2006,Wakayama,Misatocho,Misatocho_A_01,Astringent,0,0,0,100
2006,Wakayama,Misatocho,Misatocho_A_02,Astringent,0,0,0,100
2007,Wakayama,Hashimotoshi,Hashimotoshi_N_01,Non_astringent,49,48,4,100
2007,Wakayama,Hashimotoshi,Hashimotoshi_N_02,Non_astringent,52,8,0,100
2007,Wakayama,Hashimotoshi,Hashimotoshi_N_03,Non_astringent,53,36,4,100
2007,Wakayama,Hashimotoshi,Hashimotoshi_N_04,Non_astringent,40,4,0,100
2007,Wakayama,Kudoyamacho,Kudoyamacho_N_01,Non_astringent,41,0,0,100
2007,Wakayama,Kudoyamacho,Kudoyamacho_N_02,Non_astringent,68,2,0,100
2007,Wakayama,Koyaguchicho,Koyaguchicho_01,Non_astringent,4,2,0,100
2007,Wakayama,Katuragicho,Katuragicho_N_01,Non_astringent,87,2,0,100
2007,Wakayama,Katuragicho,Katuragicho_N_02,Non_astringent,45,1,0,100
2007,Wakayama,Katuragicho,Katuragicho_N_03,Non_astringent,71,31,0,100
2007,Wakayama,Katuragicho,Katuragicho_N_04,Non_astringent,48,0,0,100
2007,Wakayama,Kokawacho,Kokawacho_N_01,Non_astringent,44,60,0,100
2007,Wakayama,Momoyamacho,Momoyamacho_N_01,Non_astringent,20,52,3,100
2007,Wakayama,Momoyamacho,Momoyamacho_N_02,Non_astringent,33,12,0,100
2007,Wakayama,Misatocho,Misatocho_N_01,Non_astringent,6,4,0,100
2007,Wakayama,Misatocho,Misatocho_N_02,Non_astringent,61,2,0,100
2007,Wakayama,Misatocho,Misatocho_N_03,Non_astringent,30,79,0,100
2007,Wakayama,Hashimotoshi,Hashimotoshi_A_01,Astringent,10,3,0,100
2007,Wakayama,Hashimotoshi,Hashimotoshi_A_02,Astringent,0,0,0,100
2007,Wakayama,Hashimotoshi,Hashimotoshi_A_03,Astringent,3,0,0,100
2007,Wakayama,Hashimotoshi,Hashimotoshi_A_04,Astringent,2,0,0,100
2007,Wakayama,Kudoyamacho,Kudoyamacho_A_01,Astringent,29,0,0,100
2007,Wakayama,Kudoyamacho,Kudoyamacho_A_02,Astringent,4,3,0,100
2007,Wakayama,Koyaguchicho,Koyaguchicho_01,Astringent,0,0,0,100
2007,Wakayama,Katuragicho,Katuragicho_A_01,Astringent,6,15,0,100
2007,Wakayama,Katuragicho,Katuragicho_A_02,Astringent,18,0,0,100
2007,Wakayama,Katuragicho,Katuragicho_A_03,Astringent,24,0,0,100
2007,Wakayama,Katuragicho,Katuragicho_A_04,Astringent,18,49,0,100
2007,Wakayama,Katuragicho,Katuragicho_A_05,Astringent,11,0,0,100
2007,Wakayama,Kokawacho,Kokawacho_A_01,Astringent,8,0,0,100
2007,Wakayama,Momoyamacho,Momoyamacho_A_01,Astringent,7,18,0,100
2007,Wakayama,Momoyamacho,Momoyamacho_A_02,Astringent,3,2,0,100
2007,Wakayama,Misatocho,Misatocho_A_01,Astringent,0,3,0,100
2007,Wakayama,Misatocho,Misatocho_A_02,Astringent,0,0,0,100
2008,Wakayama,Hashimotoshi,Hashimotoshi_N_01,Non_astringent,12,2,0,100
2008,Wakayama,Hashimotoshi,Hashimotoshi_N_02,Non_astringent,38,0,0,100
2008,Wakayama,Hashimotoshi,Hashimotoshi_N_03,Non_astringent,41,16,0,100
2008,Wakayama,Hashimotoshi,Hashimotoshi_N_04,Non_astringent,26,1,0,100
2008,Wakayama,Kudoyamacho,Kudoyamacho_N_01,Non_astringent,27,1,0,100
2008,Wakayama,Kudoyamacho,Kudoyamacho_N_02,Non_astringent,16,1,0,100
2008,Wakayama,Koyaguchicho,Koyaguchicho_01,Non_astringent,8,0,0,100
2008,Wakayama,Katuragicho,Katuragicho_N_01,Non_astringent,74,7,0,100
2008,Wakayama,Katuragicho,Katuragicho_N_02,Non_astringent,24,1,0,100
2008,Wakayama,Katuragicho,Katuragicho_N_03,Non_astringent,74,0,0,100
2008,Wakayama,Katuragicho,Katuragicho_N_04,Non_astringent,15,0,0,100
2008,Wakayama,Kokawacho,Kokawacho_N_01,Non_astringent,55,9,0,100
2008,Wakayama,Momoyamacho,Momoyamacho_N_01,Non_astringent,48,2,0,100
2008,Wakayama,Momoyamacho,Momoyamacho_N_02,Non_astringent,32,0,0,100
2008,Wakayama,Misatocho,Misatocho_N_01,Non_astringent,1,0,0,100
2008,Wakayama,Misatocho,Misatocho_N_02,Non_astringent,23,0,0,100
2008,Wakayama,Misatocho,Misatocho_N_03,Non_astringent,16,23,0,100
2008,Wakayama,Hashimotoshi,Hashimotoshi_A_01,Astringent,29,0,0,100
2008,Wakayama,Hashimotoshi,Hashimotoshi_A_02,Astringent,4,0,0,100
2008,Wakayama,Hashimotoshi,Hashimotoshi_A_03,Astringent,7,0,0,100
2008,Wakayama,Hashimotoshi,Hashimotoshi_A_04,Astringent,8,0,0,100
2008,Wakayama,Kudoyamacho,Kudoyamacho_A_01,Astringent,3,0,0,100
2008,Wakayama,Kudoyamacho,Kudoyamacho_A_02,Astringent,1,2,0,100
2008,Wakayama,Koyaguchicho,Koyaguchicho_01,Astringent,0,1,0,100
2008,Wakayama,Katuragicho,Katuragicho_A_01,Astringent,5,4,0,100
2008,Wakayama,Katuragicho,Katuragicho_A_02,Astringent,12,1,0,100
2008,Wakayama,Katuragicho,Katuragicho_A_03,Astringent,31,2,0,100
2008,Wakayama,Katuragicho,Katuragicho_A_04,Astringent,2,21,0,100
2008,Wakayama,Katuragicho,Katuragicho_A_05,Astringent,7,0,0,100
2008,Wakayama,Kokawacho,Kokawacho_A_01,Astringent,7,0,0,100
2008,Wakayama,Momoyamacho,Momoyamacho_A_01,Astringent,6,2,0,100
2008,Wakayama,Momoyamacho,Momoyamacho_A_02,Astringent,2,0,0,100
2008,Wakayama,Misatocho,Misatocho_A_01,Astringent,5,0,0,100
2008,Wakayama,Misatocho,Misatocho_A_02,Astringent,0,0,0,100
2009,Wakayama,Hashimotoshi,Hashimotoshi_N_01,Non_astringent,2,0,0,100
2009,Wakayama,Hashimotoshi,Hashimotoshi_N_02,Non_astringent,0,0,0,100
2009,Wakayama,Hashimotoshi,Hashimotoshi_N_03,Non_astringent,4,1,0,100
2009,Wakayama,Hashimotoshi,Hashimotoshi_N_04,Non_astringent,4,0,0,100
2009,Wakayama,Kudoyamacho,Kudoyamacho_N_01,Non_astringent,11,0,0,100
2009,Wakayama,Kudoyamacho,Kudoyamacho_N_02,Non_astringent,21,0,0,100
2009,Wakayama,Koyaguchicho,Koyaguchicho_01,Non_astringent,4,0,0,100
2009,Wakayama,Katuragicho,Katuragicho_N_01,Non_astringent,44,5,0,100
2009,Wakayama,Katuragicho,Katuragicho_N_02,Non_astringent,2,0,0,100
2009,Wakayama,Katuragicho,Katuragicho_N_03,Non_astringent,37,0,0,100
2009,Wakayama,Katuragicho,Katuragicho_N_04,Non_astringent,0,0,0,100
2009,Wakayama,Kokawacho,Kokawacho_N_01,Non_astringent,59,0,0,100
2009,Wakayama,Momoyamacho,Momoyamacho_N_01,Non_astringent,83,9,0,100
2009,Wakayama,Momoyamacho,Momoyamacho_N_02,Non_astringent,52,3,0,100
2009,Wakayama,Misatocho,Misatocho_N_01,Non_astringent,87,0,0,100
2009,Wakayama,Misatocho,Misatocho_N_02,Non_astringent,57,0,0,100
2009,Wakayama,Misatocho,Misatocho_N_03,Non_astringent,31,18,0,100
2009,Wakayama,Hashimotoshi,Hashimotoshi_A_01,Astringent,0,0,0,100
2009,Wakayama,Hashimotoshi,Hashimotoshi_A_02,Astringent,0,0,0,100
2009,Wakayama,Hashimotoshi,Hashimotoshi_A_03,Astringent,1,0,0,100
2009,Wakayama,Hashimotoshi,Hashimotoshi_A_04,Astringent,0,0,0,100
2009,Wakayama,Kudoyamacho,Kudoyamacho_A_01,Astringent,0,0,0,100
2009,Wakayama,Kudoyamacho,Kudoyamacho_A_02,Astringent,1,0,0,100
2009,Wakayama,Koyaguchicho,Koyaguchicho_01,Astringent,0,0,0,100
2009,Wakayama,Katuragicho,Katuragicho_A_01,Astringent,11,3,0,100
2009,Wakayama,Katuragicho,Katuragicho_A_02,Astringent,1,0,0,100
2009,Wakayama,Katuragicho,Katuragicho_A_03,Astringent,1,1,0,100
2009,Wakayama,Katuragicho,Katuragicho_A_04,Astringent,6,0,0,100
2009,Wakayama,Katuragicho,Katuragicho_A_05,Astringent,0,0,0,100
2009,Wakayama,Kokawacho,Kokawacho_A_01,Astringent,6,0,0,100
2009,Wakayama,Momoyamacho,Momoyamacho_A_01,Astringent,9,19,0,100
2009,Wakayama,Momoyamacho,Momoyamacho_A_02,Astringent,33,0,0,100
2009,Wakayama,Misatocho,Misatocho_A_01,Astringent,5,0,0,100
2009,Wakayama,Misatocho,Misatocho_A_02,Astringent,1,0,0,100
2010,Wakayama,Hashimotoshi,Hashimotoshi_N_01,Non_astringent,2,30,0,100
2010,Wakayama,Hashimotoshi,Hashimotoshi_N_02,Non_astringent,0,0,0,100
2010,Wakayama,Hashimotoshi,Hashimotoshi_N_03,Non_astringent,0,3,0,100
2010,Wakayama,Hashimotoshi,Hashimotoshi_N_04,Non_astringent,0,7,0,100
2010,Wakayama,Kudoyamacho,Kudoyamacho_N_01,Non_astringent,16,0,0,100
2010,Wakayama,Kudoyamacho,Kudoyamacho_N_02,Non_astringent,17,12,0,100
2010,Wakayama,Koyaguchicho,Koyaguchicho_01,Non_astringent,3,19,0,100
2010,Wakayama,Katuragicho,Katuragicho_N_01,Non_astringent,17,11,0,100
2010,Wakayama,Katuragicho,Katuragicho_N_02,Non_astringent,16,13,0,100
2010,Wakayama,Katuragicho,Katuragicho_N_03,Non_astringent,24,25,0,100
2010,Wakayama,Katuragicho,Katuragicho_N_04,Non_astringent,2,0,0,100
2010,Wakayama,Kokawacho,Kokawacho_N_01,Non_astringent,72,4,0,100
2010,Wakayama,Momoyamacho,Momoyamacho_N_01,Non_astringent,37,1,0,100
2010,Wakayama,Momoyamacho,Momoyamacho_N_02,Non_astringent,56,4,0,100
2010,Wakayama,Misatocho,Misatocho_N_01,Non_astringent,63,0,0,100
2010,Wakayama,Misatocho,Misatocho_N_02,Non_astringent,28,0,0,100
2010,Wakayama,Misatocho,Misatocho_N_03,Non_astringent,35,59,0,100
2010,Wakayama,Hashimotoshi,Hashimotoshi_A_01,Astringent,0,8,0,100
2010,Wakayama,Hashimotoshi,Hashimotoshi_A_02,Astringent,0,1,0,100
2010,Wakayama,Hashimotoshi,Hashimotoshi_A_03,Astringent,0,0,0,100
2010,Wakayama,Hashimotoshi,Hashimotoshi_A_04,Astringent,0,2,0,100
2010,Wakayama,Kudoyamacho,Kudoyamacho_A_01,Astringent,0,0,0,100
2010,Wakayama,Kudoyamacho,Kudoyamacho_A_02,Astringent,3,0,0,100
2010,Wakayama,Koyaguchicho,Koyaguchicho_01,Astringent,0,4,0,100
2010,Wakayama,Katuragicho,Katuragicho_A_01,Astringent,8,4,0,100
2010,Wakayama,Katuragicho,Katuragicho_A_02,Astringent,2,0,0,100
2010,Wakayama,Katuragicho,Katuragicho_A_03,Astringent,1,1,0,100
2010,Wakayama,Katuragicho,Katuragicho_A_04,Astringent,1,15,0,100
2010,Wakayama,Katuragicho,Katuragicho_A_05,Astringent,1,0,0,100
2010,Wakayama,Kokawacho,Kokawacho_A_01,Astringent,3,0,0,100
2010,Wakayama,Momoyamacho,Momoyamacho_A_01,Astringent,12,0,0,100
2010,Wakayama,Momoyamacho,Momoyamacho_A_02,Astringent,12,2,0,100
2010,Wakayama,Misatocho,Misatocho_A_01,Astringent,2,0,0,100
2010,Wakayama,Misatocho,Misatocho_A_02,Astringent,0,5,0,100
2011,Wakayama,Hashimotoshi,Hashimotoshi_N_01,Non_astringent,1,69,0,100
2011,Wakayama,Hashimotoshi,Hashimotoshi_N_02,Non_astringent,0,11,0,100
2011,Wakayama,Hashimotoshi,Hashimotoshi_N_03,Non_astringent,0,27,0,100
2011,Wakayama,Hashimotoshi,Hashimotoshi_N_04,Non_astringent,0,18,0,100
2011,Wakayama,Kudoyamacho,Kudoyamacho_N_01,Non_astringent,0,7,0,100
2011,Wakayama,Kudoyamacho,Kudoyamacho_N_02,Non_astringent,2,14,0,100
2011,Wakayama,Koyaguchicho,Koyaguchicho_01,Non_astringent,0,37,0,100
2011,Wakayama,Katuragicho,Katuragicho_N_01,Non_astringent,6,22,0,100
2011,Wakayama,Katuragicho,Katuragicho_N_02,Non_astringent,2,6,0,100
2011,Wakayama,Katuragicho,Katuragicho_N_03,Non_astringent,47,3,0,100
2011,Wakayama,Katuragicho,Katuragicho_N_04,Non_astringent,1,38,0,100
2011,Wakayama,Kokawacho,Kokawacho_N_01,Non_astringent,30,4,0,100
2011,Wakayama,Momoyamacho,Momoyamacho_N_01,Non_astringent,62,9,0,100
2011,Wakayama,Momoyamacho,Momoyamacho_N_02,Non_astringent,44,4,0,100
2011,Wakayama,Misatocho,Misatocho_N_01,Non_astringent,5,0,0,100
2011,Wakayama,Misatocho,Misatocho_N_02,Non_astringent,2,1,0,100
2011,Wakayama,Misatocho,Misatocho_N_03,Non_astringent,0,78,0,100
2011,Wakayama,Hashimotoshi,Hashimotoshi_A_01,Astringent,0,5,0,100
2011,Wakayama,Hashimotoshi,Hashimotoshi_A_02,Astringent,0,9,0,100
2011,Wakayama,Hashimotoshi,Hashimotoshi_A_03,Astringent,0,0,0,100
2011,Wakayama,Hashimotoshi,Hashimotoshi_A_04,Astringent,1,0,0,100
2011,Wakayama,Kudoyamacho,Kudoyamacho_A_01,Astringent,0,0,0,100
2011,Wakayama,Kudoyamacho,Kudoyamacho_A_02,Astringent,0,0,0,100
2011,Wakayama,Koyaguchicho,Koyaguchicho_01,Astringent,0,0,0,100
2011,Wakayama,Katuragicho,Katuragicho_A_01,Astringent,1,0,0,100
2011,Wakayama,Katuragicho,Katuragicho_A_02,Astringent,1,0,0,100
2011,Wakayama,Katuragicho,Katuragicho_A_03,Astringent,0,3,0,100
2011,Wakayama,Katuragicho,Katuragicho_A_04,Astringent,1,21,0,100
2011,Wakayama,Katuragicho,Katuragicho_A_05,Astringent,0,0,0,100
2011,Wakayama,Kokawacho,Kokawacho_A_01,Astringent,6,0,0,100
2011,Wakayama,Momoyamacho,Momoyamacho_A_01,Astringent,34,0,0,100
2011,Wakayama,Momoyamacho,Momoyamacho_A_02,Astringent,9,10,0,100
2011,Wakayama,Misatocho,Misatocho_A_01,Astringent,0,0,0,100
2011,Wakayama,Misatocho,Misatocho_A_02,Astringent,0,0,0,100
2012,Wakayama,Hashimotoshi,Hashimotoshi_N_01,Non_astringent,0,39,88,100
2012,Wakayama,Hashimotoshi,Hashimotoshi_N_02,Non_astringent,0,4,0,100
2012,Wakayama,Hashimotoshi,Hashimotoshi_N_03,Non_astringent,38,53,18,100
2012,Wakayama,Hashimotoshi,Hashimotoshi_N_04,Non_astringent,8,16,38,100
2012,Wakayama,Kudoyamacho,Kudoyamacho_N_01,Non_astringent,2,5,1,100
2012,Wakayama,Kudoyamacho,Kudoyamacho_N_02,Non_astringent,5,8,1,100
2012,Wakayama,Koyaguchicho,Koyaguchicho_01,Non_astringent,4,6,0,100
2012,Wakayama,Katuragicho,Katuragicho_N_01,Non_astringent,61,34,1,100
2012,Wakayama,Katuragicho,Katuragicho_N_02,Non_astringent,15,6,0,100
2012,Wakayama,Katuragicho,Katuragicho_N_03,Non_astringent,52,5,0,100
2012,Wakayama,Katuragicho,Katuragicho_N_04,Non_astringent,4,18,3,100
2012,Wakayama,Kokawacho,Kokawacho_N_01,Non_astringent,95,1,0,100
2012,Wakayama,Momoyamacho,Momoyamacho_N_01,Non_astringent,98,9,0,100
2012,Wakayama,Momoyamacho,Momoyamacho_N_02,Non_astringent,24,77,0,100
2012,Wakayama,Misatocho,Misatocho_N_01,Non_astringent,5,1,0,100
2012,Wakayama,Misatocho,Misatocho_N_02,Non_astringent,33,23,0,100
2012,Wakayama,Misatocho,Misatocho_N_03,Non_astringent,21,0,0,100
2012,Wakayama,Hashimotoshi,Hashimotoshi_A_01,Astringent,4,21,0,100
2012,Wakayama,Hashimotoshi,Hashimotoshi_A_02,Astringent,0,6,0,100
2012,Wakayama,Hashimotoshi,Hashimotoshi_A_03,Astringent,3,0,0,100
2012,Wakayama,Hashimotoshi,Hashimotoshi_A_04,Astringent,0,18,0,100
2012,Wakayama,Kudoyamacho,Kudoyamacho_A_01,Astringent,29,0,0,100
2012,Wakayama,Kudoyamacho,Kudoyamacho_A_02,Astringent,3,0,0,100
2012,Wakayama,Koyaguchicho,Koyaguchicho_01,Astringent,0,0,0,100
2012,Wakayama,Katuragicho,Katuragicho_A_01,Astringent,26,0,0,100
2012,Wakayama,Katuragicho,Katuragicho_A_02,Astringent,0,0,0,100
2012,Wakayama,Katuragicho,Katuragicho_A_03,Astringent,0,0,0,100
2012,Wakayama,Katuragicho,Katuragicho_A_04,Astringent,6,0,0,100
2012,Wakayama,Katuragicho,Katuragicho_A_05,Astringent,0,0,0,100
2012,Wakayama,Kokawacho,Kokawacho_A_01,Astringent,62,2,0,100
2012,Wakayama,Momoyamacho,Momoyamacho_A_01,Astringent,4,0,0,100
2012,Wakayama,Momoyamacho,Momoyamacho_A_02,Astringent,7,0,0,100
2012,Wakayama,Misatocho,Misatocho_A_01,Astringent,0,0,0,100
2012,Wakayama,Misatocho,Misatocho_A_02,Astringent,2,0,0,100
2013,Wakayama,Hashimotoshi,Hashimotoshi_N_01,Non_astringent,0,4,2,100
2013,Wakayama,Hashimotoshi,Hashimotoshi_N_02,Non_astringent,12,0,0,100
2013,Wakayama,Hashimotoshi,Hashimotoshi_N_03,Non_astringent,26,0,0,100
2013,Wakayama,Hashimotoshi,Hashimotoshi_N_04,Non_astringent,10,0,0,100
2013,Wakayama,Koyaguchicho,Koyaguchicho_01,Non_astringent,8,0,0,100
2013,Wakayama,Kudoyamacho,Kudoyamacho_N_01,Non_astringent,5,0,0,100
2013,Wakayama,Kudoyamacho,Kudoyamacho_N_02,Non_astringent,0,0,1,100
2013,Wakayama,Katuragicho,Katuragicho_N_01,Non_astringent,30,0,0,100
2013,Wakayama,Katuragicho,Katuragicho_N_02,Non_astringent,7,0,0,100
2013,Wakayama,Katuragicho,Katuragicho_N_03,Non_astringent,4,0,0,100
2013,Wakayama,Katuragicho,Katuragicho_N_04,Non_astringent,8,0,0,100
2013,Wakayama,Kokawacho,Kokawacho_N_01,Non_astringent,32,0,0,100
2013,Wakayama,Momoyamacho,Momoyamacho_N_01,Non_astringent,69,0,0,100
2013,Wakayama,Momoyamacho,Momoyamacho_N_02,Non_astringent,4,0,0,100
2013,Wakayama,Misatocho,Misatocho_N_01,Non_astringent,6,0,0,100
2013,Wakayama,Misatocho,Misatocho_N_02,Non_astringent,15,0,0,100
2013,Wakayama,Misatocho,Misatocho_N_03,Non_astringent,7,0,0,100
2013,Wakayama,Hashimotoshi,Hashimotoshi_A_01,Astringent,0,1,1,100
2013,Wakayama,Hashimotoshi,Hashimotoshi_A_02,Astringent,0,0,0,100
2013,Wakayama,Hashimotoshi,Hashimotoshi_A_03,Astringent,0,0,0,100
2013,Wakayama,Hashimotoshi,Hashimotoshi_A_04,Astringent,0,0,0,100
2013,Wakayama,Koyaguchicho,Koyaguchicho_01,Astringent,0,0,0,100
2013,Wakayama,Kudoyamacho,Kudoyamacho_A_01,Astringent,0,2,0,100
2013,Wakayama,Kudoyamacho,Kudoyamacho_A_02,Astringent,0,0,0,100
2013,Wakayama,Katuragicho,Katuragicho_A_01,Astringent,16,0,1,100
2013,Wakayama,Katuragicho,Katuragicho_A_02,Astringent,3,2,1,100
2013,Wakayama,Katuragicho,Katuragicho_A_03,Astringent,1,0,0,100
2013,Wakayama,Katuragicho,Katuragicho_A_04,Astringent,0,23,0,100
2013,Wakayama,Katuragicho,Katuragicho_A_05,Astringent,0,0,0,100
2013,Wakayama,Kokawacho,Kokawacho_A_01,Astringent,0,0,0,100
2013,Wakayama,Momoyamacho,Momoyamacho_A_01,Astringent,17,0,0,100
2013,Wakayama,Momoyamacho,Momoyamacho_A_02,Astringent,0,0,0,100
2013,Wakayama,Misatocho,Misatocho_A_01,Astringent,1,0,0,100
2013,Wakayama,Misatocho,Misatocho_A_02,Astringent,0,0,0,100
2014,Wakayama,Hashimotoshi,Hashimotoshi_N_01,Non_astringent,0,0,0,100
2014,Wakayama,Hashimotoshi,Hashimotoshi_N_02,Non_astringent,0,0,0,100
2014,Wakayama,Hashimotoshi,Hashimotoshi_N_03,Non_astringent,5,0,0,100
2014,Wakayama,Hashimotoshi,Hashimotoshi_N_04,Non_astringent,0,0,0,100
2014,Wakayama,Kudoyamacho,Kudoyamacho_N_01,Non_astringent,0,0,0,100
2014,Wakayama,Kudoyamacho,Kudoyamacho_N_02,Non_astringent,0,0,0,100
2014,Wakayama,Koyaguchicho,Koyaguchicho_01,Non_astringent,0,0,0,100
2014,Wakayama,Katuragicho,Katuragicho_N_01,Non_astringent,35,1,0,100
2014,Wakayama,Katuragicho,Katuragicho_N_02,Non_astringent,0,0,0,100
2014,Wakayama,Katuragicho,Katuragicho_N_03,Non_astringent,8,0,0,100
2014,Wakayama,Katuragicho,Katuragicho_N_04,Non_astringent,0,0,0,100
2014,Wakayama,Kokawacho,Kokawacho_N_01,Non_astringent,27,0,0,100
2014,Wakayama,Momoyamacho,Momoyamacho_N_01,Non_astringent,26,0,0,100
2014,Wakayama,Momoyamacho,Momoyamacho_N_02,Non_astringent,3,0,0,100
2014,Wakayama,Misatocho,Misatocho_N_01,Non_astringent,2,0,0,100
2014,Wakayama,Misatocho,Misatocho_N_02,Non_astringent,1,0,0,100
2014,Wakayama,Misatocho,Misatocho_N_03,Non_astringent,7,0,0,100
2014,Wakayama,Hashimotoshi,Hashimotoshi_A_01,Astringent,0,0,0,100
2014,Wakayama,Hashimotoshi,Hashimotoshi_A_02,Astringent,0,0,0,100
2014,Wakayama,Hashimotoshi,Hashimotoshi_A_03,Astringent,0,0,0,100
2014,Wakayama,Hashimotoshi,Hashimotoshi_A_04,Astringent,0,0,0,100
2014,Wakayama,Kudoyamacho,Kudoyamacho_A_01,Astringent,0,0,0,100
2014,Wakayama,Kudoyamacho,Kudoyamacho_A_02,Astringent,0,0,0,100
2014,Wakayama,Koyaguchicho,Koyaguchicho_01,Astringent,0,0,0,100
2014,Wakayama,Katuragicho,Katuragicho_A_01,Astringent,8,1,0,100
2014,Wakayama,Katuragicho,Katuragicho_A_02,Astringent,2,1,0,100
2014,Wakayama,Katuragicho,Katuragicho_A_03,Astringent,0,0,0,100
2014,Wakayama,Katuragicho,Katuragicho_A_04,Astringent,0,0,0,100
2014,Wakayama,Katuragicho,Katuragicho_A_05,Astringent,0,0,0,100
2014,Wakayama,Kokawacho,Kokawacho_A_01,Astringent,0,0,0,100
2014,Wakayama,Momoyamacho,Momoyamacho_A_01,Astringent,1,0,0,100
2014,Wakayama,Momoyamacho,Momoyamacho_A_02,Astringent,3,0,0,100
2014,Wakayama,Misatocho,Misatocho_A_01,Astringent,2,0,0,100
2014,Wakayama,Misatocho,Misatocho_A_02,Astringent,0,0,0,100
2015,Wakayama,Hashimotoshi,Hashimotoshi_N_01,Non_astringent,0,0,0,100
2015,Wakayama,Hashimotoshi,Hashimotoshi_N_02,Non_astringent,0,0,0,100
2015,Wakayama,Hashimotoshi,Hashimotoshi_N_03,Non_astringent,36,2,0,100
2015,Wakayama,Hashimotoshi,Hashimotoshi_N_04,Non_astringent,0,0,0,100
2015,Wakayama,Koyaguchicho,Koyaguchicho_01,Non_astringent,0,10,0,100
2015,Wakayama,Kudoyamacho,Kudoyamacho_N_01,Non_astringent,10,0,0,100
2015,Wakayama,Kudoyamacho,Kudoyamacho_N_02,Non_astringent,16,1,1,100
2015,Wakayama,Katuragicho,Katuragicho_N_01,Non_astringent,74,14,4,100
2015,Wakayama,Katuragicho,Katuragicho_N_02,Non_astringent,26,0,3,100
2015,Wakayama,Katuragicho,Katuragicho_N_03,Non_astringent,62,4,0,100
2015,Wakayama,Katuragicho,Katuragicho_N_04,Non_astringent,3,0,0,100
2015,Wakayama,Kokawacho,Kokawacho_N_01,Non_astringent,26,4,0,100
2015,Wakayama,Momoyamacho,Momoyamacho_N_01,Non_astringent,80,2,0,100
2015,Wakayama,Momoyamacho,Momoyamacho_N_02,Non_astringent,26,4,0,100
2015,Wakayama,Misatocho,Misatocho_N_01,Non_astringent,21,0,0,100
2015,Wakayama,Misatocho,Misatocho_N_02,Non_astringent,2,1,1,100
2015,Wakayama,Misatocho,Misatocho_N_03,Non_astringent,12,0,0,100
2015,Wakayama,Hashimotoshi,Hashimotoshi_A_01,Astringent,0,2,0,100
2015,Wakayama,Hashimotoshi,Hashimotoshi_A_02,Astringent,0,0,0,100
2015,Wakayama,Hashimotoshi,Hashimotoshi_A_03,Astringent,4,0,0,100
2015,Wakayama,Hashimotoshi,Hashimotoshi_A_04,Astringent,0,0,0,100
2015,Wakayama,Koyaguchicho,Koyaguchicho_01,Astringent,0,1,0,100
2015,Wakayama,Kudoyamacho,Kudoyamacho_A_01,Astringent,8,0,0,100
2015,Wakayama,Kudoyamacho,Kudoyamacho_A_02,Astringent,48,0,0,100
2015,Wakayama,Katuragicho,Katuragicho_A_01,Astringent,79,3,7,100
2015,Wakayama,Katuragicho,Katuragicho_A_02,Astringent,19,0,0,100
2015,Wakayama,Katuragicho,Katuragicho_A_03,Astringent,17,0,0,100
2015,Wakayama,Katuragicho,Katuragicho_A_04,Astringent,0,0,4,100
2015,Wakayama,Katuragicho,Katuragicho_A_05,Astringent,3,0,0,100
2015,Wakayama,Kokawacho,Kokawacho_A_01,Astringent,3,0,0,100
2015,Wakayama,Momoyamacho,Momoyamacho_A_01,Astringent,19,3,0,100
2015,Wakayama,Momoyamacho,Momoyamacho_A_02,Astringent,4,3,0,100
2015,Wakayama,Misatocho,Misatocho_A_01,Astringent,17,0,0,100
2015,Wakayama,Misatocho,Misatocho_A_02,Astringent,0,0,0,100
2016,Wakayama,Hashimotoshi,Hashimotoshi_N_01,Non_astringent,5,0,0,100
2016,Wakayama,Hashimotoshi,Hashimotoshi_N_02,Non_astringent,1,0,0,100
2016,Wakayama,Hashimotoshi,Hashimotoshi_N_03,Non_astringent,15,3,0,100
2016,Wakayama,Hashimotoshi,Hashimotoshi_N_04,Non_astringent,7,2,0,100
2016,Wakayama,Koyaguchicho,Koyaguchicho_01,Non_astringent,11,0,0,100
2016,Wakayama,Kudoyamacho,Kudoyamacho_N_01,Non_astringent,4,0,0,100
2016,Wakayama,Kudoyamacho,Kudoyamacho_N_02,Non_astringent,8,2,0,100
2016,Wakayama,Katuragicho,Katuragicho_N_01,Non_astringent,15,0,4,100
2016,Wakayama,Katuragicho,Katuragicho_N_02,Non_astringent,15,1,0,100
2016,Wakayama,Katuragicho,Katuragicho_N_03,Non_astringent,45,4,0,100
2016,Wakayama,Katuragicho,Katuragicho_N_04,Non_astringent,5,0,0,100
2016,Wakayama,Kokawacho,Kokawacho_N_01,Non_astringent,35,0,0,100
2016,Wakayama,Momoyamacho,Momoyamacho_N_01,Non_astringent,44,0,0,100
2016,Wakayama,Momoyamacho,Momoyamacho_N_02,Non_astringent,9,10,0,100
2016,Wakayama,Misatocho,Misatocho_N_01,Non_astringent,13,3,0,100
2016,Wakayama,Misatocho,Misatocho_N_02,Non_astringent,0,0,0,100
2016,Wakayama,Misatocho,Misatocho_N_03,Non_astringent,37,14,0,100
2016,Wakayama,Hashimotoshi,Hashimotoshi_A_01,Astringent,0,0,0,100
2016,Wakayama,Hashimotoshi,Hashimotoshi_A_02,Astringent,0,0,0,100
2016,Wakayama,Hashimotoshi,Hashimotoshi_A_03,Astringent,0,0,0,100
2016,Wakayama,Hashimotoshi,Hashimotoshi_A_04,Astringent,2,1,0,100
2016,Wakayama,Koyaguchicho,Koyaguchicho_01,Astringent,0,0,0,100
2016,Wakayama,Kudoyamacho,Kudoyamacho_A_01,Astringent,0,0,0,100
2016,Wakayama,Kudoyamacho,Kudoyamacho_A_02,Astringent,9,0,0,100
2016,Wakayama,Katuragicho,Katuragicho_A_01,Astringent,4,1,2,100
2016,Wakayama,Katuragicho,Katuragicho_A_02,Astringent,6,2,0,100
2016,Wakayama,Katuragicho,Katuragicho_A_03,Astringent,1,0,0,100
2016,Wakayama,Katuragicho,Katuragicho_A_04,Astringent,0,0,0,100
2016,Wakayama,Katuragicho,Katuragicho_A_05,Astringent,1,2,0,100
2016,Wakayama,Kokawacho,Kokawacho_A_01,Astringent,0,0,0,100
2016,Wakayama,Momoyamacho,Momoyamacho_A_01,Astringent,13,0,1,100
2016,Wakayama,Momoyamacho,Momoyamacho_A_02,Astringent,0,2,0,100
2016,Wakayama,Misatocho,Misatocho_A_01,Astringent,0,0,0,100
2016,Wakayama,Misatocho,Misatocho_A_02,Astringent,0,0,0,100
2017,Wakayama,Hashimotoshi,Hashimotoshi_N_01,Non_astringent,2,0,0,100
2017,Wakayama,Hashimotoshi,Hashimotoshi_N_02,Non_astringent,0,0,0,100
2017,Wakayama,Hashimotoshi,Hashimotoshi_N_03,Non_astringent,2,0,0,100
2017,Wakayama,Hashimotoshi,Hashimotoshi_N_04,Non_astringent,2,0,0,100
2017,Wakayama,Koyaguchicho,Koyaguchicho_01,Non_astringent,0,0,0,100
2017,Wakayama,Kudoyamacho,Kudoyamacho_N_01,Non_astringent,0,0,0,100
2017,Wakayama,Kudoyamacho,Kudoyamacho_N_02,Non_astringent,3,0,0,100
2017,Wakayama,Katuragicho,Katuragicho_N_01,Non_astringent,3,1,0,100
2017,Wakayama,Katuragicho,Katuragicho_N_02,Non_astringent,3,0,0,100
2017,Wakayama,Katuragicho,Katuragicho_N_03,Non_astringent,12,7,0,100
2017,Wakayama,Katuragicho,Katuragicho_N_04,Non_astringent,3,0,0,100
2017,Wakayama,Kokawacho,Kokawacho_N_01,Non_astringent,9,0,0,100
2017,Wakayama,Momoyamacho,Momoyamacho_N_01,Non_astringent,17,0,0,100
2017,Wakayama,Momoyamacho,Momoyamacho_N_02,Non_astringent,5,0,0,100
2017,Wakayama,Misatocho,Misatocho_N_01,Non_astringent,3,0,0,100
2017,Wakayama,Misatocho,Misatocho_N_02,Non_astringent,1,0,0,100
2017,Wakayama,Misatocho,Misatocho_N_03,Non_astringent,2,0,0,100
2017,Wakayama,Hashimotoshi,Hashimotoshi_A_01,Astringent,0,0,0,100
2017,Wakayama,Hashimotoshi,Hashimotoshi_A_02,Astringent,0,0,0,100
2017,Wakayama,Hashimotoshi,Hashimotoshi_A_03,Astringent,0,0,0,100
2017,Wakayama,Hashimotoshi,Hashimotoshi_A_04,Astringent,0,0,0,100
2017,Wakayama,Koyaguchicho,Koyaguchicho_01,Astringent,0,0,0,100
2017,Wakayama,Kudoyamacho,Kudoyamacho_A_01,Astringent,0,0,0,100
2017,Wakayama,Kudoyamacho,Kudoyamacho_A_02,Astringent,0,0,0,100
2017,Wakayama,Katuragicho,Katuragicho_A_01,Astringent,0,4,0,100
2017,Wakayama,Katuragicho,Katuragicho_A_02,Astringent,4,0,0,100
2017,Wakayama,Katuragicho,Katuragicho_A_03,Astringent,0,0,0,100
2017,Wakayama,Katuragicho,Katuragicho_A_04,Astringent,0,0,0,100
2017,Wakayama,Katuragicho,Katuragicho_A_05,Astringent,0,0,0,100
2017,Wakayama,Kokawacho,Kokawacho_A_01,Astringent,0,0,0,100
2017,Wakayama,Momoyamacho,Momoyamacho_A_01,Astringent,5,0,0,100
2017,Wakayama,Momoyamacho,Momoyamacho_A_02,Astringent,0,0,0,100
2017,Wakayama,Misatocho,Misatocho_A_01,Astringent,0,0,0,100
2017,Wakayama,Misatocho,Misatocho_A_02,Astringent,0,0,0,100
2018,Wakayama,Hashimotoshi,Hashimotoshi_N_01,Non_astringent,0,0,0,100
2018,Wakayama,Hashimotoshi,Hashimotoshi_N_02,Non_astringent,0,0,0,100
2018,Wakayama,Hashimotoshi,Hashimotoshi_N_03,Non_astringent,0,0,0,100
2018,Wakayama,Hashimotoshi,Hashimotoshi_N_04,Non_astringent,0,0,0,100
2018,Wakayama,Koyaguchicho,Koyaguchicho_01,Non_astringent,0,0,0,100
2018,Wakayama,Kudoyamacho,Kudoyamacho_N_01,Non_astringent,0,0,0,100
2018,Wakayama,Kudoyamacho,Kudoyamacho_N_02,Non_astringent,0,0,0,100
2018,Wakayama,Katuragicho,Katuragicho_N_01,Non_astringent,0,0,2,100
2018,Wakayama,Katuragicho,Katuragicho_N_02,Non_astringent,2,0,4,100
2018,Wakayama,Katuragicho,Katuragicho_N_03,Non_astringent,7,0,0,100
2018,Wakayama,Katuragicho,Katuragicho_N_04,Non_astringent,0,0,0,100
2018,Wakayama,Kokawacho,Kokawacho_N_01,Non_astringent,0,0,0,100
2018,Wakayama,Momoyamacho,Momoyamacho_N_01,Non_astringent,4,0,0,100
2018,Wakayama,Momoyamacho,Momoyamacho_N_02,Non_astringent,5,0,0,100
2018,Wakayama,Misatocho,Misatocho_N_01,Non_astringent,0,0,0,100
2018,Wakayama,Misatocho,Misatocho_N_02,Non_astringent,0,0,0,100
2018,Wakayama,Misatocho,Misatocho_N_03,Non_astringent,18,0,0,100
2018,Wakayama,Hashimotoshi,Hashimotoshi_A_01,Astringent,0,0,1,100
2018,Wakayama,Hashimotoshi,Hashimotoshi_A_02,Astringent,0,0,0,100
2018,Wakayama,Hashimotoshi,Hashimotoshi_A_03,Astringent,0,0,0,100
2018,Wakayama,Hashimotoshi,Hashimotoshi_A_04,Astringent,0,0,0,100
2018,Wakayama,Koyaguchicho,Koyaguchicho_01,Astringent,0,0,0,100
2018,Wakayama,Kudoyamacho,Kudoyamacho_A_01,Astringent,0,0,0,100
2018,Wakayama,Kudoyamacho,Kudoyamacho_A_02,Astringent,0,0,0,100
2018,Wakayama,Katuragicho,Katuragicho_A_01,Astringent,0,0,0,100
2018,Wakayama,Katuragicho,Katuragicho_A_02,Astringent,0,0,0,100
2018,Wakayama,Katuragicho,Katuragicho_A_03,Astringent,0,0,0,100
2018,Wakayama,Katuragicho,Katuragicho_A_04,Astringent,0,0,0,100
2018,Wakayama,Katuragicho,Katuragicho_A_05,Astringent,0,0,0,100
2018,Wakayama,Kokawacho,Kokawacho_A_01,Astringent,0,0,0,100
2018,Wakayama,Momoyamacho,Momoyamacho_A_01,Astringent,0,0,0,100
2018,Wakayama,Momoyamacho,Momoyamacho_A_02,Astringent,0,0,0,100
2018,Wakayama,Misatocho,Misatocho_A_01,Astringent,0,0,0,100
2018,Wakayama,Misatocho,Misatocho_A_02,Astringent,0,0,0,100
2019,Wakayama,Hashimotoshi,Hashimotoshi_N_01,Non_astringent,0,0,0,100
2019,Wakayama,Hashimotoshi,Hashimotoshi_N_02,Non_astringent,0,0,0,100
2019,Wakayama,Hashimotoshi,Hashimotoshi_N_03,Non_astringent,0,0,0,100
2019,Wakayama,Hashimotoshi,Hashimotoshi_N_04,Non_astringent,0,0,0,100
2019,Wakayama,Koyaguchicho,Koyaguchicho_01,Non_astringent,0,0,0,100
2019,Wakayama,Kudoyamacho,Kudoyamacho_N_01,Non_astringent,0,0,0,100
2019,Wakayama,Kudoyamacho,Kudoyamacho_N_02,Non_astringent,13,0,1,100
2019,Wakayama,Katuragicho,Katuragicho_N_01,Non_astringent,15,18,0,100
2019,Wakayama,Katuragicho,Katuragicho_N_02,Non_astringent,9,0,1,100
2019,Wakayama,Katuragicho,Katuragicho_N_03,Non_astringent,3,0,0,100
2019,Wakayama,Katuragicho,Katuragicho_N_04,Non_astringent,4,0,0,100
2019,Wakayama,Kokawacho,Kokawacho_N_01,Non_astringent,32,1,0,100
2019,Wakayama,Momoyamacho,Momoyamacho_N_01,Non_astringent,45,0,0,100
2019,Wakayama,Momoyamacho,Momoyamacho_N_02,Non_astringent,0,0,0,100
2019,Wakayama,Misatocho,Misatocho_N_01,Non_astringent,0,0,0,100
2019,Wakayama,Misatocho,Misatocho_N_02,Non_astringent,3,0,0,100
2019,Wakayama,Misatocho,Misatocho_N_03,Non_astringent,31,1,0,100
2019,Wakayama,Hashimotoshi,Hashimotoshi_A_01,Astringent,0,0,0,100
2019,Wakayama,Hashimotoshi,Hashimotoshi_A_02,Astringent,0,0,0,100
2019,Wakayama,Hashimotoshi,Hashimotoshi_A_03,Astringent,0,0,2,100
2019,Wakayama,Hashimotoshi,Hashimotoshi_A_04,Astringent,0,0,0,100
2019,Wakayama,Koyaguchicho,Koyaguchicho_01,Astringent,1,0,0,100
2019,Wakayama,Kudoyamacho,Kudoyamacho_A_01,Astringent,0,0,0,100
2019,Wakayama,Kudoyamacho,Kudoyamacho_A_02,Astringent,4,0,0,100
2019,Wakayama,Katuragicho,Katuragicho_A_01,Astringent,9,2,0,100
2019,Wakayama,Katuragicho,Katuragicho_A_02,Astringent,0,0,0,100
2019,Wakayama,Katuragicho,Katuragicho_A_03,Astringent,0,0,0,100
2019,Wakayama,Katuragicho,Katuragicho_A_04,Astringent,0,0,0,100
2019,Wakayama,Katuragicho,Katuragicho_A_05,Astringent,0,0,0,100
2019,Wakayama,Kokawacho,Kokawacho_A_01,Astringent,0,0,0,100
2019,Wakayama,Momoyamacho,Momoyamacho_A_01,Astringent,22,0,0,100
2019,Wakayama,Momoyamacho,Momoyamacho_A_02,Astringent,0,0,0,100
2019,Wakayama,Misatocho,Misatocho_A_01,Astringent,0,0,0,100
2019,Wakayama,Misatocho,Misatocho_A_02,Astringent,0,0,0,100
2020,Wakayama,Hashimotoshi,Hashimotoshi_N_01,Non_astringent,0,0,0,100
2020,Wakayama,Hashimotoshi,Hashimotoshi_N_02,Non_astringent,0,0,0,100
2020,Wakayama,Hashimotoshi,Hashimotoshi_N_03,Non_astringent,0,2,0,100
2020,Wakayama,Hashimotoshi,Hashimotoshi_N_04,Non_astringent,2,0,0,100
2020,Wakayama,Koyaguchicho,Koyaguchicho_01,Non_astringent,0,0,0,100
2020,Wakayama,Kudoyamacho,Kudoyamacho_N_01,Non_astringent,0,0,0,100
2020,Wakayama,Kudoyamacho,Kudoyamacho_N_02,Non_astringent,1,2,0,100
2020,Wakayama,Katuragicho,Katuragicho_N_01,Non_astringent,10,23,1,100
2020,Wakayama,Katuragicho,Katuragicho_N_02,Non_astringent,0,1,0,100
2020,Wakayama,Katuragicho,Katuragicho_N_03,Non_astringent,24,6,0,100
2020,Wakayama,Katuragicho,Katuragicho_N_04,Non_astringent,0,2,0,100
2020,Wakayama,Kokawacho,Kokawacho_N_01,Non_astringent,68,0,0,100
2020,Wakayama,Momoyamacho,Momoyamacho_N_01,Non_astringent,55,2,0,100
2020,Wakayama,Momoyamacho,Momoyamacho_N_02,Non_astringent,20,1,0,100
2020,Wakayama,Misatocho,Misatocho_N_01,Non_astringent,0,0,0,100
2020,Wakayama,Misatocho,Misatocho_N_02,Non_astringent,0,2,0,100
2020,Wakayama,Misatocho,Misatocho_N_03,Non_astringent,8,0,0,100
2020,Wakayama,Hashimotoshi,Hashimotoshi_A_01,Astringent,0,0,0,100
2020,Wakayama,Hashimotoshi,Hashimotoshi_A_02,Astringent,0,0,0,100
2020,Wakayama,Hashimotoshi,Hashimotoshi_A_03,Astringent,0,2,0,100
2020,Wakayama,Hashimotoshi,Hashimotoshi_A_04,Astringent,0,0,0,100
2020,Wakayama,Koyaguchicho,Koyaguchicho_01,Astringent,0,0,0,100
2020,Wakayama,Kudoyamacho,Kudoyamacho_A_01,Astringent,1,0,0,100
2020,Wakayama,Kudoyamacho,Kudoyamacho_A_02,Astringent,31,0,0,100
2020,Wakayama,Katuragicho,Katuragicho_A_01,Astringent,9,6,0,100
2020,Wakayama,Katuragicho,Katuragicho_A_02,Astringent,0,6,0,100
2020,Wakayama,Katuragicho,Katuragicho_A_03,Astringent,0,0,0,100
2020,Wakayama,Katuragicho,Katuragicho_A_04,Astringent,0,6,0,100
2020,Wakayama,Katuragicho,Katuragicho_A_05,Astringent,2,0,0,100
2020,Wakayama,Kokawacho,Kokawacho_A_01,Astringent,3,0,0,100
2020,Wakayama,Momoyamacho,Momoyamacho_A_01,Astringent,45,0,0,100
2020,Wakayama,Momoyamacho,Momoyamacho_A_02,Astringent,12,4,0,100
2020,Wakayama,Misatocho,Misatocho_A_01,Astringent,0,0,0,100
2020,Wakayama,Misatocho,Misatocho_A_02,Astringent,0,0,0,100
2021,Wakayama,Hashimotoshi,Hashimotoshi_N_01,Non_astringent,2,0,0,100
2021,Wakayama,Hashimotoshi,Hashimotoshi_N_02,Non_astringent,0,0,0,100
2021,Wakayama,Hashimotoshi,Hashimotoshi_N_03,Non_astringent,0,0,0,100
2021,Wakayama,Hashimotoshi,Hashimotoshi_N_04,Non_astringent,2,0,0,100
2021,Wakayama,Koyaguchicho,Koyaguchicho_01,Non_astringent,0,3,0,100
2021,Wakayama,Kudoyamacho,Kudoyamacho_N_01,Non_astringent,0,0,0,100
2021,Wakayama,Kudoyamacho,Kudoyamacho_N_02,Non_astringent,0,1,0,100
2021,Wakayama,Katuragicho,Katuragicho_N_01,Non_astringent,10,8,0,100
2021,Wakayama,Katuragicho,Katuragicho_N_02,Non_astringent,2,4,0,100
2021,Wakayama,Katuragicho,Katuragicho_N_03,Non_astringent,14,0,0,100
2021,Wakayama,Katuragicho,Katuragicho_N_04,Non_astringent,0,0,0,100
2021,Wakayama,Kokawacho,Kokawacho_N_01,Non_astringent,17,1,0,100
2021,Wakayama,Momoyamacho,Momoyamacho_N_01,Non_astringent,32,0,0,100
2021,Wakayama,Momoyamacho,Momoyamacho_N_02,Non_astringent,21,21,0,100
2021,Wakayama,Misatocho,Misatocho_N_01,Non_astringent,2,49,0,100
2021,Wakayama,Misatocho,Misatocho_N_02,Non_astringent,0,0,0,100
2021,Wakayama,Misatocho,Misatocho_N_03,Non_astringent,52,79,0,100
2021,Wakayama,Hashimotoshi,Hashimotoshi_A_01,Astringent,0,0,0,100
2021,Wakayama,Hashimotoshi,Hashimotoshi_A_02,Astringent,0,6,0,100
2021,Wakayama,Hashimotoshi,Hashimotoshi_A_03,Astringent,0,0,0,100
2021,Wakayama,Hashimotoshi,Hashimotoshi_A_04,Astringent,0,0,0,100
2021,Wakayama,Koyaguchicho,Koyaguchicho_01,Astringent,1,0,0,100
2021,Wakayama,Kudoyamacho,Kudoyamacho_A_01,Astringent,0,0,0,100
2021,Wakayama,Kudoyamacho,Kudoyamacho_A_02,Astringent,1,0,0,100
2021,Wakayama,Katuragicho,Katuragicho_A_01,Astringent,0,0,0,100
2021,Wakayama,Katuragicho,Katuragicho_A_02,Astringent,2,0,0,100
2021,Wakayama,Katuragicho,Katuragicho_A_03,Astringent,2,0,0,100
2021,Wakayama,Katuragicho,Katuragicho_A_04,Astringent,0,0,0,100
2021,Wakayama,Katuragicho,Katuragicho_A_05,Astringent,0,0,0,100
2021,Wakayama,Kokawacho,Kokawacho_A_01,Astringent,0,0,0,100
2021,Wakayama,Momoyamacho,Momoyamacho_A_01,Astringent,6,1,0,100
2021,Wakayama,Momoyamacho,Momoyamacho_A_02,Astringent,0,5,0,100
2021,Wakayama,Misatocho,Misatocho_A_01,Astringent,7,10,0,100
2021,Wakayama,Misatocho,Misatocho_A_02,Astringent,0,0,0,100
2022,Wakayama,Hashimotoshi,Hashimotoshi_N_01,Non_astringent,2,0,0,100
2022,Wakayama,Hashimotoshi,Hashimotoshi_N_02,Non_astringent,1,2,0,100
2022,Wakayama,Hashimotoshi,Hashimotoshi_N_03,Non_astringent,3,0,0,100
2022,Wakayama,Hashimotoshi,Hashimotoshi_N_04,Non_astringent,0,0,0,100
2022,Wakayama,Koyaguchicho,Koyaguchicho_01,Non_astringent,0,10,2,100
2022,Wakayama,Kudoyamacho,Kudoyamacho_N_01,Non_astringent,0,0,0,100
2022,Wakayama,Kudoyamacho,Kudoyamacho_N_02,Non_astringent,7,0,0,100
2022,Wakayama,Katuragicho,Katuragicho_N_01,Non_astringent,25,13,5,100
2022,Wakayama,Katuragicho,Katuragicho_N_02,Non_astringent,6,1,0,100
2022,Wakayama,Katuragicho,Katuragicho_N_03,Non_astringent,3,1,0,100
2022,Wakayama,Katuragicho,Katuragicho_N_04,Non_astringent,5,0,0,100
2022,Wakayama,Kokawacho,Kokawacho_N_01,Non_astringent,34,0,0,100
2022,Wakayama,Momoyamacho,Momoyamacho_N_01,Non_astringent,48,0,0,100
2022,Wakayama,Momoyamacho,Momoyamacho_N_02,Non_astringent,1,0,0,100
2022,Wakayama,Misatocho,Misatocho_N_01,Non_astringent,0,0,0,100
2022,Wakayama,Misatocho,Misatocho_N_02,Non_astringent,0,1,0,100
2022,Wakayama,Misatocho,Misatocho_N_03,Non_astringent,NA,NA,NA,100
2022,Wakayama,Hashimotoshi,Hashimotoshi_A_01,Astringent,0,1,0,100
2022,Wakayama,Hashimotoshi,Hashimotoshi_A_02,Astringent,0,0,1,100
2022,Wakayama,Hashimotoshi,Hashimotoshi_A_03,Astringent,0,0,0,100
2022,Wakayama,Hashimotoshi,Hashimotoshi_A_04,Astringent,0,1,1,100
2022,Wakayama,Koyaguchicho,Koyaguchicho_01,Astringent,1,12,1,100
2022,Wakayama,Kudoyamacho,Kudoyamacho_A_01,Astringent,0,0,0,100
2022,Wakayama,Kudoyamacho,Kudoyamacho_A_02,Astringent,14,1,0,100
2022,Wakayama,Katuragicho,Katuragicho_A_01,Astringent,2,6,1,100
2022,Wakayama,Katuragicho,Katuragicho_A_02,Astringent,2,1,0,100
2022,Wakayama,Katuragicho,Katuragicho_A_03,Astringent,0,0,0,100
2022,Wakayama,Katuragicho,Katuragicho_A_04,Astringent,9,0,0,100
2022,Wakayama,Katuragicho,Katuragicho_A_05,Astringent,4,0,0,100
2022,Wakayama,Kokawacho,Kokawacho_A_01,Astringent,1,0,0,100
2022,Wakayama,Momoyamacho,Momoyamacho_A_01,Astringent,9,0,0,100
2022,Wakayama,Momoyamacho,Momoyamacho_A_02,Astringent,0,0,0,100
2022,Wakayama,Misatocho,Misatocho_A_01,Astringent,0,1,0,100
2022,Wakayama,Misatocho,Misatocho_A_02,Astringent,0,0,0,100
2023,Wakayama,Hashimotoshi,Hashimotoshi_N_01,Non_astringent,1,0,0,100
2023,Wakayama,Hashimotoshi,Hashimotoshi_N_02,Non_astringent,0,0,0,100
2023,Wakayama,Hashimotoshi,Hashimotoshi_N_03,Non_astringent,0,0,0,100
2023,Wakayama,Hashimotoshi,Hashimotoshi_N_04,Non_astringent,1,1,0,100
2023,Wakayama,Koyaguchicho,Koyaguchicho_01,Non_astringent,1,27,0,100
2023,Wakayama,Kudoyamacho,Kudoyamacho_N_01,Non_astringent,0,0,0,100
2023,Wakayama,Kudoyamacho,Kudoyamacho_N_02,Non_astringent,0,0,0,100
2023,Wakayama,Katuragicho,Katuragicho_N_01,Non_astringent,9,29,1,100
2023,Wakayama,Katuragicho,Katuragicho_N_02,Non_astringent,2,6,0,100
2023,Wakayama,Katuragicho,Katuragicho_N_03,Non_astringent,1,1,1,100
2023,Wakayama,Katuragicho,Katuragicho_N_04,Non_astringent,0,0,0,100
2023,Wakayama,Kokawacho,Kokawacho_N_01,Non_astringent,11,0,0,100
2023,Wakayama,Kokawacho,Kokawacho_N_02,Non_astringent,31,0,0,100
2023,Wakayama,Momoyamacho,Momoyamacho_N_01,Non_astringent,2,6,0,100
2023,Wakayama,Misatocho,Misatocho_N_01,Non_astringent,0,5,0,100
2023,Wakayama,Misatocho,Misatocho_N_02,Non_astringent,4,3,1,100
2023,Wakayama,Hashimotoshi,Hashimotoshi_A_01,Astringent,0,1,0,100
2023,Wakayama,Hashimotoshi,Hashimotoshi_A_02,Astringent,0,0,0,100
2023,Wakayama,Hashimotoshi,Hashimotoshi_A_03,Astringent,0,1,2,100
2023,Wakayama,Hashimotoshi,Hashimotoshi_A_04,Astringent,0,0,0,100
2023,Wakayama,Koyaguchicho,Koyaguchicho_01,Astringent,0,9,0,100
2023,Wakayama,Kudoyamacho,Kudoyamacho_A_01,Astringent,0,0,0,100
2023,Wakayama,Kudoyamacho,Kudoyamacho_A_02,Astringent,20,0,0,100
2023,Wakayama,Katuragicho,Katuragicho_A_01,Astringent,2,4,0,100
2023,Wakayama,Katuragicho,Katuragicho_A_02,Astringent,8,1,1,100
2023,Wakayama,Katuragicho,Katuragicho_A_03,Astringent,2,2,2,100
2023,Wakayama,Katuragicho,Katuragicho_A_04,Astringent,0,5,0,100
2023,Wakayama,Katuragicho,Katuragicho_A_05,Astringent,6,0,0,100
2023,Wakayama,Kokawacho,Kokawacho_A_01,Astringent,0,0,0,100
2023,Wakayama,Kokawacho,Kokawacho_A_02,Astringent,7,0,0,100
2023,Wakayama,Momoyamacho,Momoyamacho_A_01,Astringent,0,2,6,100
2023,Wakayama,Misatocho,Misatocho_A_01,Astringent,1,3,1,100
2023,Wakayama,Misatocho,Misatocho_A_02,Astringent,0,0,0,100
2024,Wakayama,Hashimotoshi,Hashimotoshi_N_01,Non_astringent,3,0,0,100
2024,Wakayama,Hashimotoshi,Hashimotoshi_N_02,Non_astringent,0,0,0,100
2024,Wakayama,Hashimotoshi,Hashimotoshi_N_03,Non_astringent,1,0,0,100
2024,Wakayama,Hashimotoshi,Hashimotoshi_N_04,Non_astringent,0,0,0,100
2024,Wakayama,Koyaguchicho,Koyaguchicho_01,Non_astringent,1,0,0,100
2024,Wakayama,Kudoyamacho,Kudoyamacho_N_01,Non_astringent,0,0,0,100
2024,Wakayama,Kudoyamacho,Kudoyamacho_N_02,Non_astringent,0,0,0,100
2024,Wakayama,Katuragicho,Katuragicho_N_01,Non_astringent,10,0,0,100
2024,Wakayama,Katuragicho,Katuragicho_N_02,Non_astringent,2,0,0,100
2024,Wakayama,Katuragicho,Katuragicho_N_03,Non_astringent,9,0,0,100
2024,Wakayama,Katuragicho,Katuragicho_N_04,Non_astringent,0,0,0,100
2024,Wakayama,Kokawacho,Kokawacho_N_01,Non_astringent,20,0,0,100
2024,Wakayama,Kokawacho,Kokawacho_N_02,Non_astringent,1,0,0,100
2024,Wakayama,Momoyamacho,Momoyamacho_N_01,Non_astringent,0,11,0,100
2024,Wakayama,Misatocho,Misatocho_N_01,Non_astringent,3,23,0,100
2024,Wakayama,Misatocho,Misatocho_N_02,Non_astringent,0,0,0,100
2024,Wakayama,Hashimotoshi,Hashimotoshi_A_01,Astringent,0,0,0,100
2024,Wakayama,Hashimotoshi,Hashimotoshi_A_02,Astringent,0,0,0,100
2024,Wakayama,Hashimotoshi,Hashimotoshi_A_03,Astringent,0,0,0,100
2024,Wakayama,Hashimotoshi,Hashimotoshi_A_04,Astringent,0,0,0,100
2024,Wakayama,Koyaguchicho,Koyaguchicho_01,Astringent,0,2,0,100
2024,Wakayama,Kudoyamacho,Kudoyamacho_A_01,Astringent,0,0,0,100
2024,Wakayama,Kudoyamacho,Kudoyamacho_A_02,Astringent,0,0,0,100
2024,Wakayama,Katuragicho,Katuragicho_A_01,Astringent,0,0,0,100
2024,Wakayama,Katuragicho,Katuragicho_A_02,Astringent,0,0,0,100
2024,Wakayama,Katuragicho,Katuragicho_A_03,Astringent,0,0,0,100
2024,Wakayama,Katuragicho,Katuragicho_A_04,Astringent,0,0,0,100
2024,Wakayama,Katuragicho,Katuragicho_A_05,Astringent,0,0,0,100
2024,Wakayama,Kokawacho,Kokawacho_A_01,Astringent,0,0,0,100
2024,Wakayama,Kokawacho,Kokawacho_A_02,Astringent,0,0,0,100
2024,Wakayama,Momoyamacho,Momoyamacho_A_01,Astringent,0,8,0,100
2024,Wakayama,Misatocho,Misatocho_A_01,Astringent,1,0,0,100
2024,Wakayama,Misatocho,Misatocho_A_02,Astringent,0,0,0,100
2025,Wakayama,Hashimotoshi,Hashimotoshi_N_01,Non_astringent,2,0,0,100
2025,Wakayama,Hashimotoshi,Hashimotoshi_N_02,Non_astringent,0,0,0,100
2025,Wakayama,Hashimotoshi,Hashimotoshi_N_03,Non_astringent,2,0,0,100
2025,Wakayama,Hashimotoshi,Hashimotoshi_N_04,Non_astringent,2,0,0,100
2025,Wakayama,Koyaguchicho,Koyaguchicho_01,Non_astringent,5,24,0,100
2025,Wakayama,Kudoyamacho,Kudoyamacho_N_01,Non_astringent,0,0,0,100
2025,Wakayama,Kudoyamacho,Kudoyamacho_N_02,Non_astringent,0,0,0,100
2025,Wakayama,Katuragicho,Katuragicho_N_01,Non_astringent,7,0,0,100
2025,Wakayama,Katuragicho,Katuragicho_N_02,Non_astringent,2,0,0,100
2025,Wakayama,Katuragicho,Katuragicho_N_03,Non_astringent,1,1,0,100
2025,Wakayama,Katuragicho,Katuragicho_N_04,Non_astringent,0,0,0,100
2025,Wakayama,Kokawacho,Kokawacho_N_01,Non_astringent,44,0,0,100
2025,Wakayama,Kokawacho,Kokawacho_N_02,Non_astringent,6,0,0,100
2025,Wakayama,Momoyamacho,Momoyamacho_N_01,Non_astringent,1,0,0,100
2025,Wakayama,Misatocho,Misatocho_N_01,Non_astringent,NA,NA,NA,100
2025,Wakayama,Misatocho,Misatocho_N_02,Non_astringent,2,0,0,100
2025,Wakayama,Hashimotoshi,Hashimotoshi_A_01,Astringent,0,0,0,100
2025,Wakayama,Hashimotoshi,Hashimotoshi_A_02,Astringent,0,0,0,100
2025,Wakayama,Hashimotoshi,Hashimotoshi_A_03,Astringent,0,0,0,100
2025,Wakayama,Hashimotoshi,Hashimotoshi_A_04,Astringent,0,0,0,100
2025,Wakayama,Koyaguchicho,Koyaguchicho_01,Astringent,0,34,0,100
2025,Wakayama,Kudoyamacho,Kudoyamacho_A_01,Astringent,0,0,0,100
2025,Wakayama,Kudoyamacho,Kudoyamacho_A_02,Astringent,2,0,0,100
2025,Wakayama,Katuragicho,Katuragicho_A_01,Astringent,6,2,0,100
2025,Wakayama,Katuragicho,Katuragicho_A_02,Astringent,4,0,0,100
2025,Wakayama,Katuragicho,Katuragicho_A_03,Astringent,0,0,0,100
2025,Wakayama,Katuragicho,Katuragicho_A_04,Astringent,0,0,0,100
2025,Wakayama,Katuragicho,Katuragicho_A_05,Astringent,0,0,0,100
2025,Wakayama,Kokawacho,Kokawacho_A_01,Astringent,1,0,0,100
2025,Wakayama,Kokawacho,Kokawacho_A_02,Astringent,0,0,0,100
2025,Wakayama,Momoyamacho,Momoyamacho_A_01,Astringent,0,0,0,100
2025,Wakayama,Misatocho,Misatocho_A_01,Astringent,0,0,0,100
2025,Wakayama,Misatocho,Misatocho_A_02,Astringent,0,0,0,100
